Year,Origin,TaxiOut,TaxiIn
1995,ABE,52711.0,27061.0
1995,ABQ,362776.0,161532.0
1995,ACK,532.0,195.0
1995,ADQ,3988.0,1166.0
1995,AGS,21842.0,8990.0
1995,AKN,3412.0,1510.0
1995,ALB,109799.0,45840.0
1995,AMA,31493.0,15113.0
1995,ANC,214956.0,70283.0
1995,ANI,809.0,366.0
1995,ATL,4151459.0,1590867.0
1995,AUS,334716.0,121222.0
1995,AVL,24310.0,10057.0
1995,AVP,17184.0,8698.0
1995,AZO,18056.0,9394.0
1995,BDL,279169.0,109680.0
1995,BET,7112.0,2593.0
1995,BFL,4263.0,2764.0
1995,BGM,9011.0,4930.0
1995,BGR,14988.0,6995.0
1995,BHM,158622.0,55159.0
1995,BIL,35005.0,12889.0
1995,BIS,10548.0,5426.0
1995,BNA,444962.0,220096.0
1995,BOI,92259.0,36299.0
1995,BOS,1407724.0,615686.0
1995,BQN,9694.0,3329.0
1995,BRO,5338.0,2991.0
1995,BRW,7037.0,2762.0
1995,BTR,38952.0,18389.0
1995,BTV,26336.0,11648.0
1995,BUF,176601.0,63103.0
1995,BUR,294282.0,61809.0
1995,BWI,767683.0,295339.0
1995,BZN,19125.0,8651.0
1995,CAE,50089.0,22611.0
1995,CAK,8434.0,6082.0
1995,CDV,4342.0,2061.0
1995,CHA,28561.0,11962.0
1995,CHS,80228.0,41729.0
1995,CID,44186.0,21546.0
1995,CLE,862464.0,321126.0
1995,CLT,1781376.0,681026.0
1995,CMH,375751.0,151478.0
1995,COS,151301.0,67272.0
1995,CRP,30367.0,13714.0
1995,CRW,11892.0,5390.0
1995,CSG,8478.0,3219.0
1995,CVG,1044796.0,422012.0
1995,DAB,39409.0,14301.0
1995,DAL,344625.0,122494.0
1995,DAY,138763.0,65491.0
1995,DCA,1166414.0,439582.0
1995,DEN,1942904.0,867812.0
1995,DFW,4928615.0,2674310.0
1995,DLG,2537.0,993.0
1995,DLH,12924.0,6671.0
1995,DRO,1233.0,479.0
1995,DSM,80547.0,40191.0
1995,DTW,2563275.0,1266482.0
1995,DUT,2361.0,816.0
1995,EGE,11740.0,3458.0
1995,ELM,7559.0,4793.0
1995,ELP,229409.0,80054.0
1995,ERI,8157.0,4673.0
1995,EUG,19731.0,6416.0
1995,EVV,4177.0,2909.0
1995,EWR,2414882.0,798222.0
1995,FAI,44034.0,13335.0
1995,FAR,19724.0,10683.0
1995,FAT,20018.0,11121.0
1995,FAY,12025.0,8635.0
1995,FCA,9369.0,4209.0
1995,FLL,416560.0,130485.0
1995,FNT,1578.0,890.0
1995,FSD,41439.0,19813.0
1995,FWA,29787.0,13302.0
1995,GEG,122720.0,43515.0
1995,GFK,9208.0,5601.0
1995,GNV,10454.0,5075.0
1995,GRB,26826.0,10307.0
1995,GRR,87075.0,35732.0
1995,GSO,407509.0,139769.0
1995,GSP,72942.0,34510.0
1995,GST,810.0,304.0
1995,GTF,18655.0,9178.0
1995,GUC,3817.0,947.0
1995,HDN,8670.0,2122.0
1995,HLN,7680.0,2908.0
1995,HNL,220563.0,67545.0
1995,HOU,502621.0,172169.0
1995,HPN,76528.0,29628.0
1995,HRL,36722.0,13268.0
1995,HSV,61713.0,30470.0
1995,HTS,3511.0,1940.0
1995,HVN,8897.0,2605.0
1995,IAD,464724.0,186821.0
1995,IAH,1708758.0,786915.0
1995,ICT,68181.0,28150.0
1995,IDA,10976.0,4098.0
1995,ILM,12823.0,8736.0
1995,IND,355237.0,181401.0
1995,ISP,27160.0,13062.0
1995,ITH,8903.0,3899.0
1995,JAC,11795.0,4465.0
1995,JAN,44618.0,20501.0
1995,JAX,176699.0,80980.0
1995,JFK,1093051.0,396642.0
1995,JNU,47888.0,12592.0
1995,KOA,3542.0,1755.0
1995,KSM,699.0,361.0
1995,KTN,23551.0,8848.0
1995,LAN,18381.0,9447.0
1995,LAS,1354454.0,452005.0
1995,LAX,2666832.0,1427487.0
1995,LBB,43731.0,16259.0
1995,LEX,38429.0,19398.0
1995,LGA,1850395.0,576588.0
1995,LGB,13348.0,5092.0
1995,LIT,145737.0,67282.0
1995,LNK,24716.0,11537.0
1995,LSE,9668.0,4487.0
1995,LWB,31.0,17.0
1995,MAF,50165.0,18885.0
1995,MBS,32386.0,13684.0
1995,MCI,585942.0,253979.0
1995,MCO,929166.0,374110.0
1995,MDT,80033.0,34975.0
1995,MDW,451350.0,194664.0
1995,MEM,710246.0,258398.0
1995,MFE,34735.0,16913.0
1995,MFR,8996.0,4355.0
1995,MGM,19674.0,8962.0
1995,MHT,46297.0,18152.0
1995,MIA,1383276.0,477894.0
1995,MKE,181057.0,72336.0
1995,MLB,28416.0,12027.0
1995,MLI,12336.0,5690.0
1995,MLU,17540.0,8245.0
1995,MOB,43284.0,19567.0
1995,MOT,8318.0,4996.0
1995,MRY,8984.0,3325.0
1995,MSN,46403.0,18363.0
1995,MSO,15524.0,7327.0
1995,MSP,2219706.0,753489.0
1995,MSY,461163.0,182818.0
1995,MTJ,429.0,191.0
1995,MYR,17082.0,11280.0
1995,OAJ,2337.0,1050.0
1995,OAK,594339.0,257497.0
1995,OGG,25572.0,12724.0
1995,OKC,191655.0,77965.0
1995,OMA,178729.0,60928.0
1995,OME,7024.0,2729.0
1995,ONT,407553.0,110187.0
1995,ORD,4679071.0,1997572.0
1995,ORF,155329.0,61880.0
1995,OTZ,7492.0,2797.0
1995,PBI,245895.0,94244.0
1995,PDX,526652.0,175150.0
1995,PFN,10391.0,4601.0
1995,PHF,5997.0,4181.0
1995,PHL,1262064.0,475034.0
1995,PHX,1856990.0,612972.0
1995,PIA,732.0,250.0
1995,PIT,1713419.0,764893.0
1995,PNS,51911.0,25346.0
1995,PSC,11160.0,6005.0
1995,PSG,4512.0,1887.0
1995,PSP,31112.0,12458.0
1995,PVD,123114.0,54461.0
1995,PWM,49838.0,19312.0
1995,RAP,8102.0,4391.0
1995,RDU,270303.0,98854.0
1995,RIC,153067.0,71813.0
1995,RNO,211866.0,83085.0
1995,ROA,24392.0,13236.0
1995,ROC,134447.0,77658.0
1995,RST,27947.0,12950.0
1995,RSW,166519.0,55934.0
1995,SAN,766800.0,191586.0
1995,SAT,324396.0,113885.0
1995,SAV,51208.0,26420.0
1995,SBA,8562.0,3957.0
1995,SBN,25376.0,12421.0
1995,SCC,4221.0,1750.0
1995,SDF,209724.0,87729.0
1995,SEA,1271724.0,381674.0
1995,SFO,2025817.0,653478.0
1995,SGF,13683.0,5306.0
1995,SHV,35261.0,18967.0
1995,SIT,10726.0,3957.0
1995,SJC,413320.0,131817.0
1995,SJU,314447.0,120442.0
1995,SLC,1310872.0,395253.0
1995,SMF,332838.0,123633.0
1995,SNA,412135.0,182971.0
1995,SRQ,66064.0,26603.0
1995,STL,3307371.0,1052535.0
1995,STT,30426.0,11294.0
1995,STX,10550.0,3635.0
1995,SUX,5271.0,2623.0
1995,SWF,46294.0,20437.0
1995,SYR,113823.0,49006.0
1995,TLH,29408.0,16355.0
1995,TOL,18165.0,7751.0
1995,TPA,532364.0,190867.0
1995,TRI,20886.0,11596.0
1995,TUL,185299.0,66525.0
1995,TUS,174378.0,67273.0
1995,TVC,8623.0,2908.0
1995,TWF,164.0,74.0
1995,TYS,79658.0,32613.0
1995,VPS,9203.0,7174.0
1995,WRG,4333.0,1808.0
1995,YAK,4656.0,2007.0
1996,ABE,53965.0,26881.0
1996,ABQ,407089.0,163001.0
1996,ACK,195.0,97.0
1996,ADQ,3777.0,1263.0
1996,AGS,19576.0,8117.0
1996,AKN,3257.0,1333.0
1996,ALB,104809.0,42712.0
1996,ALO,2697.0,1348.0
1996,AMA,34230.0,16648.0
1996,ANC,249548.0,76540.0
1996,ANI,395.0,186.0
1996,ATL,4071442.0,1682691.0
1996,AUS,345877.0,120726.0
1996,AVL,15090.0,6100.0
1996,AVP,21690.0,10595.0
1996,AZO,17231.0,8582.0
1996,BDL,295216.0,109491.0
1996,BET,6493.0,2350.0
1996,BFL,2899.0,2287.0
1996,BGM,9770.0,4810.0
1996,BGR,11541.0,5374.0
1996,BHM,168995.0,60346.0
1996,BIL,37788.0,12307.0
1996,BIS,11135.0,5139.0
1996,BNA,460909.0,221888.0
1996,BOI,103545.0,40007.0
1996,BOS,1449688.0,597655.0
1996,BQN,3393.0,1172.0
1996,BRO,4497.0,2668.0
1996,BRW,6808.0,2845.0
1996,BTR,40201.0,17996.0
1996,BTV,25336.0,11461.0
1996,BUF,172202.0,57970.0
1996,BUR,270349.0,58708.0
1996,BWI,731388.0,271780.0
1996,BZN,21143.0,9040.0
1996,CAE,64100.0,26658.0
1996,CAK,6420.0,4195.0
1996,CDV,4352.0,2132.0
1996,CHA,7695.0,4672.0
1996,CHS,68529.0,34619.0
1996,CID,43704.0,20402.0
1996,CLE,885897.0,292582.0
1996,CLT,1784430.0,708877.0
1996,CMH,403665.0,164076.0
1996,COS,216426.0,101229.0
1996,CRP,26522.0,11219.0
1996,CRW,10176.0,4637.0
1996,CVG,1274084.0,497871.0
1996,DAB,40375.0,13523.0
1996,DAL,363451.0,127218.0
1996,DAY,132851.0,61216.0
1996,DCA,1149342.0,424570.0
1996,DEN,1865442.0,841246.0
1996,DFW,4567990.0,2549354.0
1996,DLG,2481.0,931.0
1996,DLH,13035.0,6092.0
1996,DRO,1168.0,510.0
1996,DSM,81825.0,38806.0
1996,DTW,2680695.0,1303062.0
1996,DUT,3652.0,1276.0
1996,EGE,16148.0,4591.0
1996,ELM,7939.0,4575.0
1996,ELP,230183.0,73385.0
1996,ERI,8479.0,4410.0
1996,EUG,20146.0,6499.0
1996,EWR,2898487.0,879393.0
1996,FAI,49683.0,14183.0
1996,FAR,21729.0,10515.0
1996,FAT,16629.0,9002.0
1996,FAY,14005.0,8357.0
1996,FCA,10467.0,4410.0
1996,FLL,397126.0,127162.0
1996,FNT,2063.0,836.0
1996,FSD,43992.0,20943.0
1996,FWA,19483.0,8557.0
1996,GEG,147344.0,50357.0
1996,GFK,9459.0,4939.0
1996,GNV,11318.0,5930.0
1996,GRB,28864.0,10311.0
1996,GRR,88078.0,34710.0
1996,GSO,234432.0,80284.0
1996,GSP,81863.0,32486.0
1996,GST,778.0,267.0
1996,GTF,20490.0,8985.0
1996,GUC,3771.0,822.0
1996,HDN,8759.0,2226.0
1996,HLN,8103.0,2799.0
1996,HNL,231115.0,72155.0
1996,HOU,439538.0,197621.0
1996,HPN,75113.0,27145.0
1996,HRL,32973.0,12090.0
1996,HSV,56525.0,28049.0
1996,HVN,2216.0,548.0
1996,IAD,556837.0,216677.0
1996,IAH,1768133.0,739709.0
1996,ICT,70746.0,29779.0
1996,IDA,9760.0,3610.0
1996,ILM,13525.0,8058.0
1996,IND,375881.0,233784.0
1996,ISP,31475.0,13688.0
1996,ITH,10550.0,4466.0
1996,JAC,13458.0,4744.0
1996,JAN,58278.0,27308.0
1996,JAX,162639.0,70875.0
1996,JFK,1161918.0,401544.0
1996,JNU,50187.0,13207.0
1996,KOA,4964.0,1981.0
1996,KSM,282.0,156.0
1996,KTN,25131.0,8902.0
1996,LAN,16757.0,7947.0
1996,LAS,1533113.0,504874.0
1996,LAX,2751497.0,1461542.0
1996,LBB,48077.0,17625.0
1996,LEX,34422.0,16457.0
1996,LFT,3608.0,1797.0
1996,LGA,1880355.0,567056.0
1996,LGB,13882.0,5731.0
1996,LIT,123697.0,57530.0
1996,LNK,24220.0,11010.0
1996,LSE,7291.0,3322.0
1996,LWB,396.0,280.0
1996,MAF,43747.0,15604.0
1996,MBS,32954.0,13729.0
1996,MCI,583897.0,262288.0
1996,MCO,960536.0,383991.0
1996,MDT,81576.0,34083.0
1996,MDW,418776.0,175966.0
1996,MEM,680343.0,240504.0
1996,MFE,30056.0,13685.0
1996,MFR,7783.0,4011.0
1996,MGM,20326.0,7924.0
1996,MHT,43202.0,16741.0
1996,MIA,1269082.0,445560.0
1996,MKE,175197.0,66684.0
1996,MLB,30377.0,12768.0
1996,MLI,10191.0,4148.0
1996,MLU,21102.0,9416.0
1996,MOB,34957.0,15557.0
1996,MOT,8301.0,4782.0
1996,MRY,6011.0,2090.0
1996,MSN,44396.0,16479.0
1996,MSO,16053.0,7392.0
1996,MSP,2378776.0,786076.0
1996,MSY,434387.0,167911.0
1996,MTJ,473.0,223.0
1996,MYR,17298.0,9351.0
1996,OAK,549724.0,229945.0
1996,OGG,27027.0,14134.0
1996,OKC,180035.0,71458.0
1996,OMA,180795.0,57673.0
1996,OME,6718.0,2830.0
1996,ONT,374086.0,101207.0
1996,ORD,4847683.0,1966753.0
1996,ORF,150846.0,58065.0
1996,OTZ,6584.0,2507.0
1996,PBI,244645.0,90558.0
1996,PDX,593818.0,194017.0
1996,PHL,1464532.0,506436.0
1996,PHX,2061715.0,702458.0
1996,PIT,1693380.0,713684.0
1996,PNS,50924.0,24448.0
1996,PSC,11638.0,5985.0
1996,PSG,4633.0,1842.0
1996,PSP,32031.0,12108.0
1996,PVD,144122.0,62314.0
1996,PWM,57736.0,21242.0
1996,RAP,10086.0,5278.0
1996,RDU,269905.0,96388.0
1996,RIC,170607.0,80893.0
1996,RNO,235929.0,98922.0
1996,ROA,22063.0,11830.0
1996,ROC,135649.0,76235.0
1996,RST,28618.0,11863.0
1996,RSW,170755.0,53164.0
1996,SAN,756153.0,194514.0
1996,SAT,360191.0,125693.0
1996,SAV,53485.0,25794.0
1996,SBA,7457.0,3537.0
1996,SBN,25815.0,12435.0
1996,SCC,2427.0,1008.0
1996,SDF,222775.0,112786.0
1996,SEA,1324488.0,399420.0
1996,SFO,2148287.0,695684.0
1996,SGF,14054.0,5661.0
1996,SHV,31992.0,17349.0
1996,SIT,10775.0,3953.0
1996,SJC,495107.0,153837.0
1996,SJU,301014.0,125317.0
1996,SLC,1394559.0,475015.0
1996,SMF,338758.0,126962.0
1996,SNA,444037.0,191171.0
1996,SRQ,72525.0,28250.0
1996,STL,3133546.0,1071799.0
1996,STT,20670.0,7318.0
1996,STX,11673.0,4127.0
1996,SUX,4498.0,2130.0
1996,SWF,46911.0,20266.0
1996,SYR,105893.0,45106.0
1996,TLH,19353.0,10440.0
1996,TOL,18695.0,7941.0
1996,TPA,596047.0,208894.0
1996,TRI,11310.0,8073.0
1996,TUL,178956.0,62563.0
1996,TUS,187239.0,68404.0
1996,TVC,10054.0,2594.0
1996,TYS,79456.0,31314.0
1996,VPS,9505.0,7066.0
1996,WRG,4463.0,1829.0
1996,YAK,5215.0,1948.0
1997,ABE,65297.0,29038.0
1997,ABQ,374375.0,162883.0
1997,ACK,148.0,97.0
1997,ADQ,4843.0,1589.0
1997,AGS,22345.0,9263.0
1997,AKN,2990.0,1220.0
1997,ALB,105809.0,43518.0
1997,AMA,35908.0,16461.0
1997,ANC,237443.0,75611.0
1997,ATL,4307725.0,1836436.0
1997,AUS,357705.0,130236.0
1997,AVL,17083.0,6382.0
1997,AVP,13266.0,6651.0
1997,AZO,15242.0,7368.0
1997,BDL,303749.0,116693.0
1997,BET,7150.0,2492.0
1997,BFL,1933.0,1660.0
1997,BGM,8729.0,4409.0
1997,BGR,12488.0,5882.0
1997,BHM,174140.0,61264.0
1997,BIL,35289.0,12041.0
1997,BIS,11771.0,5182.0
1997,BNA,510049.0,237961.0
1997,BOI,103314.0,37908.0
1997,BOS,1590282.0,644417.0
1997,BRO,3790.0,2205.0
1997,BRW,5556.0,2535.0
1997,BTR,42347.0,19235.0
1997,BTV,23418.0,10511.0
1997,BUF,176857.0,57290.0
1997,BUR,263243.0,61678.0
1997,BWI,705528.0,285547.0
1997,BZN,21367.0,8733.0
1997,CAE,69186.0,28946.0
1997,CAK,6775.0,4556.0
1997,CDV,4332.0,2068.0
1997,CHA,9243.0,4561.0
1997,CHS,70164.0,35193.0
1997,CID,47853.0,22544.0
1997,CLE,906023.0,286054.0
1997,CLT,1770013.0,674824.0
1997,CMH,434227.0,183162.0
1997,COS,218455.0,97490.0
1997,CRP,25965.0,10512.0
1997,CRW,10629.0,5066.0
1997,CVG,1287587.0,488156.0
1997,DAB,37795.0,12774.0
1997,DAL,353169.0,122417.0
1997,DAY,129014.0,56410.0
1997,DCA,1183390.0,441131.0
1997,DEN,1992914.0,892369.0
1997,DFW,4576343.0,2561759.0
1997,DLG,2698.0,1060.0
1997,DLH,12071.0,5667.0
1997,DRO,1266.0,424.0
1997,DSM,72865.0,34487.0
1997,DTW,2742987.0,1380461.0
1997,DUT,3337.0,1195.0
1997,EGE,22489.0,5704.0
1997,ELM,8478.0,4953.0
1997,ELP,214818.0,71051.0
1997,ERI,8472.0,4682.0
1997,EUG,20165.0,6454.0
1997,EWR,3078051.0,908882.0
1997,FAI,48411.0,14554.0
1997,FAR,23372.0,10819.0
1997,FAT,15670.0,8749.0
1997,FAY,11493.0,7385.0
1997,FCA,11572.0,5216.0
1997,FLL,477425.0,151495.0
1997,FNT,9852.0,4325.0
1997,FSD,39395.0,18952.0
1997,FWA,19948.0,8689.0
1997,GEG,142926.0,51150.0
1997,GFK,8490.0,4393.0
1997,GNV,9896.0,4937.0
1997,GRB,28003.0,10141.0
1997,GRR,90776.0,34521.0
1997,GSO,166546.0,56976.0
1997,GSP,81234.0,29952.0
1997,GST,662.0,262.0
1997,GTF,21074.0,9486.0
1997,GUC,2891.0,775.0
1997,HDN,11274.0,2614.0
1997,HLN,7643.0,2355.0
1997,HNL,226186.0,63558.0
1997,HOU,445573.0,196392.0
1997,HPN,74048.0,26554.0
1997,HRL,25360.0,9464.0
1997,HSV,65316.0,28682.0
1997,IAD,574179.0,225640.0
1997,IAH,1893515.0,784374.0
1997,ICT,80565.0,32902.0
1997,IDA,9770.0,3430.0
1997,ILM,14904.0,8849.0
1997,IND,381100.0,248241.0
1997,ISP,24780.0,10914.0
1997,ITH,12103.0,5095.0
1997,JAC,14650.0,5186.0
1997,JAN,62214.0,29127.0
1997,JAX,215211.0,94472.0
1997,JFK,986451.0,350625.0
1997,JNU,47755.0,12532.0
1997,KOA,7172.0,2674.0
1997,KTN,23287.0,8438.0
1997,LAN,18383.0,8636.0
1997,LAS,1621198.0,555298.0
1997,LAX,2774126.0,1523119.0
1997,LBB,49632.0,18710.0
1997,LEX,36125.0,17336.0
1997,LFT,5082.0,2350.0
1997,LGA,1972957.0,595471.0
1997,LGB,28277.0,11898.0
1997,LIT,118607.0,55609.0
1997,LNK,20042.0,9568.0
1997,LSE,7090.0,2914.0
1997,LWB,479.0,309.0
1997,MAF,43964.0,15779.0
1997,MBS,36556.0,15439.0
1997,MCI,606061.0,248286.0
1997,MCO,1153048.0,434385.0
1997,MDT,76428.0,30784.0
1997,MDW,409290.0,175057.0
1997,MEM,738354.0,272113.0
1997,MFE,30241.0,12559.0
1997,MFR,10269.0,4161.0
1997,MGM,21859.0,8419.0
1997,MHT,47837.0,20122.0
1997,MIA,1236272.0,447009.0
1997,MKE,175936.0,66039.0
1997,MLB,27144.0,11586.0
1997,MLI,11707.0,5086.0
1997,MLU,19326.0,8979.0
1997,MOB,37956.0,17123.0
1997,MOT,8893.0,4714.0
1997,MRY,5235.0,2075.0
1997,MSN,48705.0,18059.0
1997,MSO,16972.0,7452.0
1997,MSP,2377399.0,822665.0
1997,MSY,435719.0,173353.0
1997,MTJ,1391.0,599.0
1997,MYR,17685.0,8999.0
1997,OAK,517269.0,224228.0
1997,OGG,30006.0,15286.0
1997,OKC,183796.0,74312.0
1997,OMA,176679.0,59112.0
1997,OME,6864.0,2687.0
1997,ONT,377064.0,103967.0
1997,ORD,4780043.0,2012271.0
1997,ORF,152011.0,58823.0
1997,OTZ,6288.0,2525.0
1997,PBI,262145.0,99129.0
1997,PDX,612663.0,215586.0
1997,PHL,1751945.0,631106.0
1997,PHX,2132089.0,747184.0
1997,PIT,1542090.0,677717.0
1997,PNS,55838.0,25640.0
1997,PSC,11939.0,5704.0
1997,PSG,4202.0,1775.0
1997,PSP,36048.0,14125.0
1997,PVD,213955.0,91484.0
1997,PWM,63432.0,23403.0
1997,RAP,9425.0,4561.0
1997,RDU,276372.0,101841.0
1997,RIC,169461.0,74540.0
1997,RNO,261355.0,115384.0
1997,ROA,20300.0,11025.0
1997,ROC,137890.0,76784.0
1997,RST,29047.0,11400.0
1997,RSW,176134.0,53788.0
1997,SAN,793041.0,196939.0
1997,SAT,348652.0,124109.0
1997,SAV,52310.0,26352.0
1997,SBA,7445.0,3908.0
1997,SBN,29148.0,13368.0
1997,SCC,2507.0,949.0
1997,SDF,232911.0,120313.0
1997,SEA,1315217.0,432787.0
1997,SFO,2306591.0,743908.0
1997,SGF,15303.0,6208.0
1997,SHV,31773.0,17191.0
1997,SIT,10503.0,3869.0
1997,SJC,536904.0,170194.0
1997,SJU,312217.0,133202.0
1997,SLC,1394555.0,455107.0
1997,SMF,338250.0,137327.0
1997,SNA,438891.0,188676.0
1997,SRQ,68345.0,26972.0
1997,STL,3182908.0,1032247.0
1997,STT,23833.0,8320.0
1997,STX,12004.0,4221.0
1997,SUX,5471.0,2486.0
1997,SWF,39999.0,18256.0
1997,SYR,119857.0,45954.0
1997,TLH,20637.0,10134.0
1997,TOL,21129.0,8755.0
1997,TPA,626412.0,232257.0
1997,TRI,11488.0,6477.0
1997,TUL,178744.0,62466.0
1997,TUS,183441.0,69995.0
1997,TVC,10774.0,2765.0
1997,TYS,84193.0,31747.0
1997,VPS,9693.0,7303.0
1997,WRG,4342.0,1792.0
1997,YAK,4976.0,1935.0
1998,ABE,64667.0,24577.0
1998,ABQ,353824.0,151328.0
1998,ACK,301.0,114.0
1998,ADQ,5588.0,1792.0
1998,AGS,20970.0,8280.0
1998,AKN,2886.0,1253.0
1998,ALB,118615.0,44724.0
1998,AMA,34624.0,16578.0
1998,ANC,237911.0,80254.0
1998,ATL,4685096.0,2031848.0
1998,AUS,395300.0,143009.0
1998,AVL,16221.0,5813.0
1998,AVP,13372.0,6078.0
1998,AZO,12361.0,5962.0
1998,BDL,312303.0,113775.0
1998,BET,7674.0,2559.0
1998,BFL,1920.0,1671.0
1998,BGM,7759.0,4135.0
1998,BGR,11329.0,5531.0
1998,BHM,180256.0,64638.0
1998,BIL,29616.0,10160.0
1998,BIS,10751.0,4908.0
1998,BNA,538197.0,247836.0
1998,BOI,101744.0,33781.0
1998,BOS,1707398.0,706941.0
1998,BRO,3215.0,1764.0
1998,BRW,5805.0,2633.0
1998,BTR,46718.0,19423.0
1998,BTV,24223.0,10042.0
1998,BUF,181627.0,60410.0
1998,BUR,255834.0,59098.0
1998,BWI,777601.0,297775.0
1998,BZN,19489.0,7998.0
1998,CAE,67840.0,24727.0
1998,CAK,8868.0,4439.0
1998,CDV,4556.0,2166.0
1998,CHA,8013.0,3634.0
1998,CHS,74649.0,34523.0
1998,CID,48125.0,21332.0
1998,CLE,886586.0,266301.0
1998,CLT,1740724.0,622327.0
1998,CMH,395625.0,167410.0
1998,COS,163600.0,74235.0
1998,CRP,22117.0,9366.0
1998,CRW,10077.0,4427.0
1998,CVG,1278095.0,484443.0
1998,DAB,33159.0,11141.0
1998,DAL,362961.0,129842.0
1998,DAY,117389.0,48441.0
1998,DCA,1211502.0,387847.0
1998,DEN,1969369.0,927399.0
1998,DFW,4239081.0,2399227.0
1998,DLG,2738.0,1005.0
1998,DLH,10045.0,4170.0
1998,DRO,1322.0,497.0
1998,DSM,67680.0,31171.0
1998,DTW,2610527.0,1368289.0
1998,DUT,3815.0,1317.0
1998,EGE,23657.0,6258.0
1998,ELM,9742.0,5189.0
1998,ELP,231367.0,76517.0
1998,ERI,9229.0,4574.0
1998,EUG,20199.0,6494.0
1998,EWR,3299816.0,995037.0
1998,FAI,52659.0,15550.0
1998,FAR,22366.0,10002.0
1998,FAT,10606.0,5663.0
1998,FAY,11300.0,5897.0
1998,FCA,9658.0,4732.0
1998,FLL,520384.0,162472.0
1998,FNT,12012.0,4759.0
1998,FSD,42168.0,18892.0
1998,FWA,14156.0,5802.0
1998,GEG,130223.0,48097.0
1998,GFK,7544.0,3870.0
1998,GPT,2115.0,1182.0
1998,GRB,25912.0,9522.0
1998,GRR,86699.0,36153.0
1998,GSO,173357.0,57982.0
1998,GSP,77645.0,25536.0
1998,GST,741.0,306.0
1998,GTF,19964.0,9173.0
1998,GUC,3150.0,830.0
1998,HDN,10372.0,2337.0
1998,HLN,7535.0,2628.0
1998,HNL,211769.0,59101.0
1998,HOU,471669.0,214013.0
1998,HPN,58902.0,20337.0
1998,HRL,25128.0,9164.0
1998,HSV,64328.0,27849.0
1998,IAD,721193.0,256300.0
1998,IAH,2201105.0,824209.0
1998,ICT,81369.0,31255.0
1998,IDA,7774.0,2704.0
1998,ILM,18801.0,8420.0
1998,IND,382079.0,233972.0
1998,ISP,28202.0,10937.0
1998,ITH,12383.0,5267.0
1998,JAC,16190.0,5187.0
1998,JAN,77087.0,37318.0
1998,JAX,233357.0,96507.0
1998,JFK,1154758.0,375282.0
1998,JNU,50459.0,13645.0
1998,KOA,6679.0,2695.0
1998,KTN,23021.0,8739.0
1998,LAN,16196.0,7891.0
1998,LAS,1606881.0,578042.0
1998,LAX,2632669.0,1448060.0
1998,LBB,47374.0,17166.0
1998,LEX,37375.0,17042.0
1998,LFT,1709.0,742.0
1998,LGA,2145651.0,604966.0
1998,LGB,33402.0,14246.0
1998,LIH,1358.0,1182.0
1998,LIT,124394.0,56871.0
1998,LNK,22916.0,9824.0
1998,LSE,4463.0,2085.0
1998,LWB,363.0,258.0
1998,MAF,45296.0,15856.0
1998,MBS,33209.0,14946.0
1998,MCI,636246.0,258107.0
1998,MCO,1214757.0,442328.0
1998,MDT,80490.0,31250.0
1998,MDW,478500.0,180776.0
1998,MEM,668117.0,267313.0
1998,MFE,28913.0,11788.0
1998,MFR,12763.0,4818.0
1998,MGM,20140.0,7623.0
1998,MHT,93808.0,35455.0
1998,MIA,1205495.0,454471.0
1998,MKE,169780.0,63208.0
1998,MLB,24456.0,12046.0
1998,MLI,13289.0,5698.0
1998,MLU,21031.0,9220.0
1998,MOB,40461.0,17923.0
1998,MOT,8651.0,4516.0
1998,MRY,5209.0,2212.0
1998,MSN,48519.0,17711.0
1998,MSO,17127.0,7990.0
1998,MSP,2290522.0,877131.0
1998,MSY,462617.0,181885.0
1998,MTJ,2408.0,784.0
1998,MYR,21768.0,9296.0
1998,OAK,520419.0,217823.0
1998,OGG,30428.0,15535.0
1998,OKC,187953.0,75233.0
1998,OMA,167635.0,56117.0
1998,OME,6656.0,2712.0
1998,ONT,349440.0,110792.0
1998,ORD,5035523.0,2067060.0
1998,ORF,156203.0,57298.0
1998,OTZ,6331.0,2438.0
1998,PBI,261609.0,97385.0
1998,PDX,616549.0,211629.0
1998,PHL,1913346.0,686814.0
1998,PHX,2321122.0,830485.0
1998,PIT,1463036.0,632566.0
1998,PNS,62686.0,26924.0
1998,PSC,12014.0,6362.0
1998,PSG,4369.0,1743.0
1998,PSP,44115.0,17027.0
1998,PVD,230253.0,93397.0
1998,PWM,67971.0,24753.0
1998,RAP,8727.0,4185.0
1998,RDU,299514.0,111463.0
1998,RIC,155580.0,65680.0
1998,RNO,255649.0,108133.0
1998,ROA,20204.0,10851.0
1998,ROC,139340.0,73705.0
1998,RST,22643.0,8161.0
1998,RSW,170755.0,50294.0
1998,SAN,803284.0,191595.0
1998,SAT,347998.0,118061.0
1998,SAV,53197.0,25650.0
1998,SBA,7858.0,3952.0
1998,SBN,29899.0,12968.0
1998,SCC,3301.0,1275.0
1998,SDF,224628.0,115563.0
1998,SEA,1367773.0,450311.0
1998,SFO,2259962.0,727493.0
1998,SGF,15289.0,6169.0
1998,SHV,33628.0,18095.0
1998,SIT,10838.0,4124.0
1998,SJC,591889.0,179479.0
1998,SJU,307108.0,140958.0
1998,SLC,1348354.0,447560.0
1998,SMF,331503.0,133667.0
1998,SNA,433952.0,185183.0
1998,SRQ,63152.0,24600.0
1998,STL,3139627.0,1104088.0
1998,STT,24179.0,8774.0
1998,STX,10765.0,3635.0
1998,SUX,5401.0,2502.0
1998,SWF,24190.0,9465.0
1998,SYR,124947.0,45998.0
1998,TLH,21251.0,10172.0
1998,TOL,19557.0,6996.0
1998,TPA,629460.0,229950.0
1998,TRI,8860.0,5469.0
1998,TUL,188646.0,65374.0
1998,TUS,181885.0,70455.0
1998,TVC,9984.0,2829.0
1998,TYS,84869.0,36868.0
1998,VPS,8928.0,7222.0
1998,WRG,4168.0,1839.0
1998,YAK,4563.0,2131.0
1999,ABE,69837.0,23855.0
1999,ABQ,370358.0,164194.0
1999,ADQ,5078.0,1785.0
1999,AGS,17324.0,6269.0
1999,AKN,2196.0,971.0
1999,ALB,138840.0,46571.0
1999,AMA,35984.0,16316.0
1999,ANC,242113.0,84761.0
1999,ATL,5135622.0,2177603.0
1999,AUS,462660.0,196596.0
1999,AVL,13332.0,4365.0
1999,AVP,13428.0,5612.0
1999,AZO,14107.0,6699.0
1999,BDL,412610.0,146042.0
1999,BET,7554.0,2729.0
1999,BFL,2058.0,1590.0
1999,BGM,8405.0,4078.0
1999,BGR,1994.0,976.0
1999,BHM,207715.0,72092.0
1999,BIL,30059.0,10757.0
1999,BIS,12038.0,5815.0
1999,BNA,581472.0,266277.0
1999,BOI,100511.0,34999.0
1999,BOS,2001658.0,793250.0
1999,BRO,920.0,454.0
1999,BRW,5345.0,2563.0
1999,BTR,47263.0,20577.0
1999,BTV,28654.0,9692.0
1999,BUF,203566.0,67375.0
1999,BUR,257254.0,58625.0
1999,BWI,961970.0,353268.0
1999,BZN,18614.0,7638.0
1999,CAE,59329.0,21137.0
1999,CAK,8825.0,4194.0
1999,CDV,4520.0,2254.0
1999,CHA,7984.0,3495.0
1999,CHS,73520.0,34649.0
1999,CID,50347.0,20940.0
1999,CLE,923857.0,266882.0
1999,CLT,1684664.0,609364.0
1999,CMH,404243.0,161582.0
1999,COS,163754.0,73677.0
1999,CRP,20712.0,8892.0
1999,CRW,9062.0,3872.0
1999,CVG,1314639.0,472331.0
1999,DAB,27521.0,8893.0
1999,DAL,399022.0,138641.0
1999,DAY,133093.0,49505.0
1999,DCA,1247907.0,368213.0
1999,DEN,2053678.0,933195.0
1999,DFW,4428911.0,2428430.0
1999,DLG,1941.0,748.0
1999,DLH,9443.0,4178.0
1999,DRO,1159.0,466.0
1999,DSM,73942.0,30937.0
1999,DTW,3054709.0,1425649.0
1999,DUT,3031.0,1268.0
1999,EGE,21067.0,5560.0
1999,ELM,10175.0,5097.0
1999,ELP,227120.0,74979.0
1999,ERI,9435.0,4431.0
1999,EUG,19788.0,6122.0
1999,EWR,3497821.0,1083813.0
1999,FAI,53492.0,16245.0
1999,FAR,25623.0,11735.0
1999,FAT,3586.0,1700.0
1999,FAY,11316.0,5209.0
1999,FCA,13355.0,5215.0
1999,FLL,638434.0,195763.0
1999,FNT,13612.0,5286.0
1999,FSD,43835.0,18752.0
1999,FWA,4306.0,1755.0
1999,GEG,126251.0,46530.0
1999,GFK,8369.0,4093.0
1999,GPT,9103.0,5172.0
1999,GRB,26997.0,9339.0
1999,GRR,95127.0,34458.0
1999,GSO,189491.0,60335.0
1999,GSP,80587.0,24529.0
1999,GST,824.0,315.0
1999,GTF,20828.0,9806.0
1999,GUC,3039.0,789.0
1999,HDN,8998.0,2196.0
1999,HLN,7725.0,2538.0
1999,HNL,209586.0,52940.0
1999,HOU,479889.0,220780.0
1999,HPN,71460.0,22799.0
1999,HRL,23848.0,8740.0
1999,HSV,68618.0,27192.0
1999,IAD,1297820.0,442477.0
1999,IAH,2212113.0,860273.0
1999,ICT,71099.0,25848.0
1999,ILM,17519.0,7800.0
1999,IND,439001.0,251439.0
1999,ISP,64674.0,23874.0
1999,ITH,13204.0,5257.0
1999,JAC,11086.0,2700.0
1999,JAN,84590.0,38801.0
1999,JAX,249844.0,104741.0
1999,JFK,1255126.0,375965.0
1999,JNU,49070.0,13921.0
1999,KOA,7353.0,2979.0
1999,KTN,23127.0,8246.0
1999,LAN,17621.0,8612.0
1999,LAS,1789861.0,640484.0
1999,LAX,3005008.0,1659175.0
1999,LBB,42572.0,15266.0
1999,LEX,39329.0,16326.0
1999,LFT,21.0,9.0
1999,LGA,2500811.0,668728.0
1999,LGB,37426.0,15290.0
1999,LIH,2689.0,2280.0
1999,LIT,125201.0,53766.0
1999,LNK,26283.0,10476.0
1999,LSE,5864.0,2100.0
1999,LWB,535.0,323.0
1999,MAF,45942.0,16100.0
1999,MBS,37272.0,14194.0
1999,MCI,657598.0,252452.0
1999,MCO,1339489.0,477835.0
1999,MDT,87839.0,31000.0
1999,MDW,599313.0,225955.0
1999,MEM,716836.0,274104.0
1999,MFE,32163.0,13435.0
1999,MFR,12172.0,4179.0
1999,MGM,14585.0,5158.0
1999,MHT,141425.0,48685.0
1999,MIA,1254157.0,461610.0
1999,MKE,182790.0,70092.0
1999,MLB,19573.0,8135.0
1999,MLI,15053.0,5686.0
1999,MLU,22438.0,9395.0
1999,MOB,41730.0,19543.0
1999,MOT,9672.0,4733.0
1999,MRY,5124.0,2183.0
1999,MSN,52217.0,18606.0
1999,MSO,20251.0,9712.0
1999,MSP,2689525.0,977991.0
1999,MSY,468121.0,190303.0
1999,MTJ,3445.0,1141.0
1999,MYR,21984.0,8366.0
1999,OAK,507457.0,220410.0
1999,OGG,34905.0,15234.0
1999,OKC,193005.0,78211.0
1999,OMA,176726.0,57201.0
1999,OME,6125.0,2525.0
1999,ONT,312641.0,132200.0
1999,ORD,5523869.0,2183959.0
1999,ORF,169932.0,57775.0
1999,OTZ,5825.0,2327.0
1999,PBI,270693.0,98143.0
1999,PDX,653636.0,216105.0
1999,PHL,2205473.0,738977.0
1999,PHX,2577910.0,993187.0
1999,PIA,5290.0,2390.0
1999,PIT,1441052.0,601607.0
1999,PNS,64675.0,27607.0
1999,PSC,12786.0,6008.0
1999,PSG,4266.0,1788.0
1999,PSP,43985.0,17384.0
1999,PVD,259331.0,95092.0
1999,PWM,65328.0,21916.0
1999,RAP,10364.0,4778.0
1999,RDU,382707.0,142514.0
1999,RIC,179798.0,75841.0
1999,RNO,300273.0,125950.0
1999,ROA,20091.0,10115.0
1999,ROC,163929.0,80710.0
1999,RST,25299.0,7754.0
1999,RSW,178341.0,52070.0
1999,SAN,842397.0,197505.0
1999,SAT,366392.0,119360.0
1999,SAV,55983.0,26200.0
1999,SBA,11054.0,4918.0
1999,SBN,27648.0,11564.0
1999,SCC,3265.0,1434.0
1999,SDF,220335.0,107705.0
1999,SEA,1486153.0,501280.0
1999,SFO,2254959.0,725062.0
1999,SGF,20599.0,6754.0
1999,SHV,34918.0,18102.0
1999,SIT,11939.0,4253.0
1999,SJC,715586.0,209143.0
1999,SJU,325772.0,130854.0
1999,SLC,1303780.0,435162.0
1999,SMF,333615.0,134512.0
1999,SNA,496594.0,226741.0
1999,SRQ,57445.0,21554.0
1999,STL,3143273.0,1115813.0
1999,STT,30602.0,10653.0
1999,STX,11966.0,3788.0
1999,SUX,5952.0,2649.0
1999,SWF,17290.0,5996.0
1999,SYR,142036.0,49038.0
1999,TLH,23696.0,8961.0
1999,TOL,9564.0,3266.0
1999,TPA,716703.0,260713.0
1999,TRI,8342.0,5208.0
1999,TUL,205176.0,71246.0
1999,TUS,207092.0,74049.0
1999,TVC,11849.0,3011.0
1999,TYS,77029.0,30655.0
1999,VPS,9928.0,7700.0
1999,WRG,4279.0,1854.0
1999,YAK,4724.0,2192.0
2000,ABE,73702.0,25119.0
2000,ABQ,365204.0,154004.0
2000,ADQ,4393.0,1832.0
2000,AGS,11844.0,4389.0
2000,AKN,1945.0,897.0
2000,ALB,160388.0,52634.0
2000,AMA,35874.0,16560.0
2000,ANC,237920.0,87592.0
2000,ATL,5113265.0,2236737.0
2000,AUS,457012.0,196778.0
2000,AVL,16130.0,5318.0
2000,AVP,13240.0,5494.0
2000,AZO,10353.0,4225.0
2000,BDL,505062.0,171575.0
2000,BET,6970.0,2865.0
2000,BGM,8157.0,3327.0
2000,BHM,195400.0,65568.0
2000,BIL,33447.0,11479.0
2000,BIS,11891.0,5603.0
2000,BNA,621897.0,286786.0
2000,BOI,119106.0,45713.0
2000,BOS,2181104.0,875592.0
2000,BQN,208.0,92.0
2000,BRO,554.0,253.0
2000,BRW,5520.0,2638.0
2000,BTR,48463.0,20410.0
2000,BTV,31311.0,10315.0
2000,BUF,227355.0,71604.0
2000,BUR,266466.0,58972.0
2000,BWI,1080955.0,418389.0
2000,BZN,21382.0,8412.0
2000,CAE,56796.0,21511.0
2000,CAK,9471.0,4433.0
2000,CDV,4419.0,2141.0
2000,CHA,8628.0,3874.0
2000,CHS,76408.0,36509.0
2000,CID,50626.0,19612.0
2000,CLE,903440.0,247717.0
2000,CLT,2044136.0,747051.0
2000,CMH,407224.0,157903.0
2000,COS,177122.0,79304.0
2000,CRP,21094.0,9300.0
2000,CRW,8260.0,3533.0
2000,CVG,1278607.0,458916.0
2000,DAB,24154.0,7754.0
2000,DAL,399893.0,140263.0
2000,DAY,141925.0,53545.0
2000,DCA,1363682.0,388897.0
2000,DEN,2127891.0,1049504.0
2000,DFW,4803440.0,2497765.0
2000,DLG,1721.0,731.0
2000,DLH,9614.0,4140.0
2000,DRO,1349.0,452.0
2000,DSM,70894.0,30040.0
2000,DTW,3032466.0,1448430.0
2000,DUT,3029.0,1226.0
2000,EGE,24155.0,5729.0
2000,ELM,11864.0,5890.0
2000,ELP,217182.0,72387.0
2000,ERI,12131.0,4922.0
2000,EUG,20055.0,6139.0
2000,EWR,3357678.0,1025825.0
2000,FAI,52109.0,16498.0
2000,FAR,22623.0,10413.0
2000,FAT,4721.0,1916.0
2000,FAY,11578.0,5639.0
2000,FCA,17347.0,7135.0
2000,FLL,750877.0,231834.0
2000,FNT,16700.0,6201.0
2000,FSD,42249.0,17197.0
2000,FWA,4755.0,1848.0
2000,GEG,133133.0,47519.0
2000,GFK,7795.0,3710.0
2000,GPT,8159.0,5185.0
2000,GRB,33086.0,11410.0
2000,GRR,87108.0,31088.0
2000,GSO,201947.0,63499.0
2000,GSP,80589.0,24333.0
2000,GST,698.0,308.0
2000,GTF,21430.0,9252.0
2000,GUC,3263.0,799.0
2000,HDN,9728.0,2459.0
2000,HLN,6724.0,2047.0
2000,HNL,265871.0,74515.0
2000,HOU,450182.0,234984.0
2000,HPN,74672.0,27563.0
2000,HRL,22963.0,8685.0
2000,HSV,63821.0,26697.0
2000,IAD,1138549.0,400019.0
2000,IAH,2396035.0,875989.0
2000,ICT,75012.0,27990.0
2000,ILM,20840.0,8949.0
2000,IND,452017.0,263997.0
2000,ISP,80013.0,32298.0
2000,ITH,15277.0,5177.0
2000,ITO,5228.0,3392.0
2000,JAC,12835.0,2916.0
2000,JAN,84503.0,39179.0
2000,JAX,265418.0,112366.0
2000,JFK,1315210.0,405681.0
2000,JNU,46892.0,14220.0
2000,KOA,19376.0,8138.0
2000,KTN,22416.0,9188.0
2000,LAN,22014.0,9641.0
2000,LAS,2019678.0,751604.0
2000,LAX,3358515.0,1822075.0
2000,LBB,38886.0,14185.0
2000,LEX,34988.0,16237.0
2000,LFT,63.0,45.0
2000,LGA,2912989.0,817000.0
2000,LGB,43755.0,16644.0
2000,LIH,9801.0,9019.0
2000,LIT,129359.0,54305.0
2000,LNK,25191.0,9892.0
2000,LSE,3728.0,1397.0
2000,LWB,631.0,318.0
2000,MAF,35445.0,13251.0
2000,MBS,39189.0,15089.0
2000,MCI,692319.0,271116.0
2000,MCO,1413711.0,507603.0
2000,MDT,84597.0,30462.0
2000,MDW,639722.0,257379.0
2000,MEM,780623.0,286597.0
2000,MFE,32716.0,13652.0
2000,MFR,14578.0,4594.0
2000,MGM,11071.0,4039.0
2000,MHT,156860.0,54021.0
2000,MIA,1293868.0,456521.0
2000,MIB,559.0,503.0
2000,MKE,193786.0,70180.0
2000,MLB,16401.0,6286.0
2000,MLI,16621.0,5784.0
2000,MLU,22213.0,9515.0
2000,MOB,43361.0,19854.0
2000,MOT,9103.0,4484.0
2000,MRY,2324.0,950.0
2000,MSN,48187.0,16766.0
2000,MSO,19608.0,8838.0
2000,MSP,2779914.0,950838.0
2000,MSY,498839.0,197630.0
2000,MTJ,2479.0,814.0
2000,MYR,29616.0,11424.0
2000,OAK,543218.0,250351.0
2000,OGG,50910.0,25174.0
2000,OKC,198552.0,77596.0
2000,OMA,176589.0,58664.0
2000,OME,6566.0,2727.0
2000,ONT,326776.0,138334.0
2000,ORD,5698276.0,2330635.0
2000,ORF,180957.0,60715.0
2000,OTZ,6222.0,2556.0
2000,PBI,295160.0,105203.0
2000,PDX,644153.0,222071.0
2000,PHL,2557663.0,841453.0
2000,PHX,2759871.0,1033974.0
2000,PIA,191.0,67.0
2000,PIT,1604228.0,678007.0
2000,PNS,63581.0,25337.0
2000,PSC,14081.0,6211.0
2000,PSG,4373.0,1962.0
2000,PSP,53313.0,19291.0
2000,PVD,307242.0,110662.0
2000,PWM,70887.0,22752.0
2000,RAP,11068.0,5025.0
2000,RDU,426382.0,148348.0
2000,RIC,199903.0,80609.0
2000,RNO,313524.0,128286.0
2000,ROA,19545.0,9746.0
2000,ROC,171782.0,73906.0
2000,RST,23053.0,8052.0
2000,RSW,198936.0,56799.0
2000,SAN,909425.0,224772.0
2000,SAT,383882.0,124236.0
2000,SAV,62152.0,28245.0
2000,SBA,17372.0,7142.0
2000,SBN,19237.0,8127.0
2000,SCC,2299.0,1011.0
2000,SDF,228976.0,108305.0
2000,SEA,1476296.0,538992.0
2000,SFO,2270465.0,749820.0
2000,SGF,18696.0,6324.0
2000,SHV,34330.0,17442.0
2000,SIT,11463.0,4502.0
2000,SJC,974454.0,287407.0
2000,SJU,405202.0,144806.0
2000,SLC,1330555.0,442109.0
2000,SMF,356343.0,146665.0
2000,SNA,604040.0,284310.0
2000,SRQ,56441.0,21646.0
2000,STL,2969868.0,996200.0
2000,STT,34798.0,11637.0
2000,STX,8685.0,2757.0
2000,SUX,5958.0,2599.0
2000,SWF,16181.0,5672.0
2000,SYR,151541.0,50909.0
2000,TLH,23357.0,8411.0
2000,TOL,8775.0,3060.0
2000,TPA,777722.0,289583.0
2000,TRI,7889.0,5143.0
2000,TUL,212045.0,70709.0
2000,TUS,215321.0,76213.0
2000,TVC,14259.0,3264.0
2000,TYS,77214.0,29689.0
2000,VPS,12400.0,9279.0
2000,WRG,3962.0,1978.0
2000,YAK,4581.0,2218.0
2001,ABE,60304.0,20692.0
2001,ABI,21818.0,10368.0
2001,ABQ,345714.0,151963.0
2001,ACT,24242.0,10454.0
2001,ADQ,5230.0,2013.0
2001,AKN,1897.0,910.0
2001,ALB,181101.0,60837.0
2001,AMA,47046.0,22624.0
2001,ANC,262216.0,98391.0
2001,APF,3409.0,1748.0
2001,ATL,4401806.0,2137781.0
2001,AUS,436214.0,195162.0
2001,AVL,17894.0,5373.0
2001,AVP,12935.0,5033.0
2001,AZO,25103.0,8985.0
2001,BDL,470547.0,166654.0
2001,BET,8118.0,3239.0
2001,BFL,16253.0,8178.0
2001,BGM,3984.0,1576.0
2001,BGR,33456.0,14392.0
2001,BHM,176356.0,62188.0
2001,BIL,33269.0,11314.0
2001,BIS,11706.0,4906.0
2001,BMI,14984.0,5810.0
2001,BNA,571699.0,269142.0
2001,BOI,108571.0,39294.0
2001,BOS,2360058.0,1021293.0
2001,BPT,15380.0,8094.0
2001,BQN,3452.0,1279.0
2001,BRO,2500.0,1183.0
2001,BRW,5247.0,2517.0
2001,BTR,53528.0,24752.0
2001,BTV,46066.0,16349.0
2001,BUF,227996.0,75670.0
2001,BUR,256684.0,57627.0
2001,BWI,1164758.0,443293.0
2001,BZN,19431.0,7503.0
2001,CAE,41605.0,16188.0
2001,CAK,8700.0,4130.0
2001,CDV,4855.0,2399.0
2001,CHA,18562.0,6683.0
2001,CHS,70106.0,33492.0
2001,CID,66005.0,27783.0
2001,CLE,793860.0,233973.0
2001,CLL,22878.0,12759.0
2001,CLT,2055613.0,787800.0
2001,CMH,449416.0,172123.0
2001,CMI,18607.0,6778.0
2001,COS,158910.0,71590.0
2001,CRP,40869.0,18476.0
2001,CRW,5946.0,2560.0
2001,CVG,1012381.0,406701.0
2001,DAB,22569.0,7372.0
2001,DAL,357774.0,139996.0
2001,DAY,143323.0,49832.0
2001,DBQ,12421.0,4385.0
2001,DCA,1212575.0,358372.0
2001,DEN,1994865.0,961059.0
2001,DFW,5667348.0,3470620.0
2001,DLG,1602.0,651.0
2001,DLH,18937.0,7763.0
2001,DRO,1587.0,481.0
2001,DSM,90136.0,36458.0
2001,DTW,2722301.0,1383928.0
2001,DUT,3288.0,1309.0
2001,EGE,21934.0,5602.0
2001,ELM,8781.0,3773.0
2001,ELP,192771.0,65461.0
2001,ERI,12519.0,4511.0
2001,EUG,17278.0,5289.0
2001,EVV,17004.0,5899.0
2001,EWR,3044323.0,982826.0
2001,EYW,26692.0,12886.0
2001,FAI,51889.0,17501.0
2001,FAR,16801.0,7971.0
2001,FAT,37525.0,16600.0
2001,FAY,4424.0,1974.0
2001,FCA,16775.0,7156.0
2001,FLL,790714.0,244577.0
2001,FNT,13116.0,4335.0
2001,FSD,36646.0,14645.0
2001,FSM,24012.0,10108.0
2001,FWA,26734.0,9709.0
2001,GEG,124456.0,47671.0
2001,GFK,4902.0,2255.0
2001,GGG,14927.0,7707.0
2001,GPT,6660.0,4297.0
2001,GRB,39158.0,14312.0
2001,GRR,124950.0,46219.0
2001,GSO,195636.0,60436.0
2001,GSP,87339.0,28289.0
2001,GST,639.0,349.0
2001,GTF,19627.0,8977.0
2001,GUC,3124.0,708.0
2001,HDN,8971.0,2283.0
2001,HLN,7864.0,2304.0
2001,HNL,401698.0,139056.0
2001,HOU,487313.0,254191.0
2001,HPN,96568.0,41738.0
2001,HRL,29694.0,11285.0
2001,HSV,61053.0,25480.0
2001,IAD,875917.0,340261.0
2001,IAH,2386311.0,876822.0
2001,ICT,87847.0,31933.0
2001,ILE,30544.0,12046.0
2001,ILM,21033.0,8804.0
2001,IND,471637.0,286940.0
2001,ISP,101452.0,43634.0
2001,ITH,10156.0,3348.0
2001,ITO,22321.0,13630.0
2001,JAC,11760.0,3078.0
2001,JAN,83777.0,39466.0
2001,JAX,284853.0,123192.0
2001,JFK,1455461.0,602926.0
2001,JNU,50482.0,16331.0
2001,KOA,46884.0,19733.0
2001,KTN,24953.0,10187.0
2001,LAN,22486.0,10061.0
2001,LAS,1867470.0,679368.0
2001,LAW,22507.0,9381.0
2001,LAX,3369837.0,1781414.0
2001,LBB,61979.0,23439.0
2001,LEX,30461.0,14104.0
2001,LFT,21662.0,11173.0
2001,LGA,2732221.0,908642.0
2001,LGB,33480.0,12812.0
2001,LIH,33213.0,30716.0
2001,LIT,140627.0,64344.0
2001,LNK,13895.0,5258.0
2001,LRD,14830.0,6114.0
2001,LSE,15568.0,5134.0
2001,LWB,482.0,342.0
2001,MAF,59131.0,21152.0
2001,MAZ,1288.0,206.0
2001,MBS,27886.0,12055.0
2001,MCI,657434.0,260399.0
2001,MCO,1324458.0,508065.0
2001,MDT,74154.0,27592.0
2001,MDW,554333.0,233383.0
2001,MEM,790520.0,294784.0
2001,MFE,32085.0,13055.0
2001,MFR,13202.0,4500.0
2001,MHT,180073.0,65265.0
2001,MIA,1379869.0,519526.0
2001,MKE,215748.0,83668.0
2001,MLB,20346.0,7279.0
2001,MLI,16176.0,5857.0
2001,MLU,16237.0,7348.0
2001,MOB,33257.0,15031.0
2001,MOT,9422.0,4604.0
2001,MQT,3595.0,1203.0
2001,MRY,24021.0,7370.0
2001,MSN,72522.0,23119.0
2001,MSO,21441.0,9156.0
2001,MSP,2663337.0,895260.0
2001,MSY,481865.0,189218.0
2001,MTJ,3664.0,1160.0
2001,MYR,30904.0,11972.0
2001,OAK,600767.0,295386.0
2001,OGG,96315.0,58223.0
2001,OKC,204120.0,84005.0
2001,OMA,192018.0,60854.0
2001,OME,7063.0,3177.0
2001,ONT,312205.0,137649.0
2001,ORD,6161364.0,2599012.0
2001,ORF,204119.0,68026.0
2001,ORH,9446.0,3039.0
2001,OTZ,6627.0,2937.0
2001,PBI,322417.0,116421.0
2001,PDX,584036.0,212663.0
2001,PHL,2501900.0,848442.0
2001,PHX,2578471.0,1090249.0
2001,PIA,17331.0,4837.0
2001,PIT,1619525.0,688976.0
2001,PNS,56591.0,23070.0
2001,PSC,10723.0,4834.0
2001,PSG,4897.0,1938.0
2001,PSP,85214.0,34573.0
2001,PVD,339891.0,125182.0
2001,PWM,102727.0,35906.0
2001,RAP,11844.0,5531.0
2001,RDR,382.0,235.0
2001,RDU,460979.0,173818.0
2001,RIC,213978.0,92871.0
2001,RNO,251880.0,103606.0
2001,ROA,15696.0,6969.0
2001,ROC,184874.0,84374.0
2001,RST,22714.0,8188.0
2001,RSW,235332.0,70903.0
2001,SAN,1021137.0,273535.0
2001,SAT,359473.0,119694.0
2001,SAV,79217.0,35169.0
2001,SBA,51469.0,21395.0
2001,SBN,12184.0,4973.0
2001,SBP,27488.0,8552.0
2001,SCC,3060.0,1264.0
2001,SDF,204428.0,102254.0
2001,SEA,1450227.0,585700.0
2001,SFO,1956808.0,653796.0
2001,SGF,47265.0,18502.0
2001,SHV,54243.0,30352.0
2001,SIT,12762.0,5284.0
2001,SJC,1043133.0,350389.0
2001,SJT,21037.0,8595.0
2001,SJU,410475.0,158079.0
2001,SLC,1260451.0,428597.0
2001,SMF,364236.0,150972.0
2001,SNA,580002.0,290903.0
2001,SPS,21985.0,11127.0
2001,SRQ,50157.0,19714.0
2001,STL,2738038.0,1000438.0
2001,STT,41110.0,14347.0
2001,STX,10655.0,3271.0
2001,SUX,2242.0,1049.0
2001,SWF,15530.0,5461.0
2001,SYR,143183.0,47383.0
2001,TLH,16313.0,6819.0
2001,TOL,24474.0,5887.0
2001,TPA,815141.0,329513.0
2001,TRI,4066.0,2410.0
2001,TUL,230411.0,81630.0
2001,TUS,203043.0,75049.0
2001,TVC,26733.0,6529.0
2001,TXK,14618.0,6547.0
2001,TYR,28222.0,13066.0
2001,TYS,64050.0,23047.0
2001,VPS,17173.0,12317.0
2001,WRG,4136.0,1962.0
2001,XNA,57246.0,23047.0
2001,YAK,4811.0,2516.0
2002,ABE,24679.0,9010.0
2002,ABI,21767.0,11414.0
2002,ABQ,358937.0,156680.0
2002,ACT,21786.0,9904.0
2002,ADQ,5754.0,1956.0
2002,AGS,0.0,0.0
2002,AKN,1799.0,1156.0
2002,ALB,162377.0,53611.0
2002,AMA,50083.0,27245.0
2002,ANC,252077.0,104103.0
2002,ATL,4345520.0,2040954.0
2002,AUS,416114.0,187464.0
2002,AVL,12325.0,3261.0
2002,AVP,13321.0,4728.0
2002,AZO,19286.0,6326.0
2002,BDL,445532.0,163279.0
2002,BET,8563.0,3989.0
2002,BGR,28247.0,13785.0
2002,BHM,170970.0,58461.0
2002,BIL,32363.0,10454.0
2002,BIS,12552.0,4982.0
2002,BMI,8395.0,2973.0
2002,BNA,508287.0,244524.0
2002,BOI,102816.0,37719.0
2002,BOS,1871666.0,798449.0
2002,BPT,3280.0,1718.0
2002,BQN,3287.0,1258.0
2002,BRO,2463.0,1303.0
2002,BRW,4330.0,2376.0
2002,BTR,38755.0,18609.0
2002,BTV,38094.0,12504.0
2002,BUF,191095.0,59759.0
2002,BUR,263016.0,62326.0
2002,BWI,1055622.0,409711.0
2002,BZN,20746.0,7415.0
2002,CAE,23070.0,9239.0
2002,CAK,4462.0,1817.0
2002,CDV,3968.0,2157.0
2002,CHA,8327.0,3162.0
2002,CHS,58206.0,27006.0
2002,CID,45237.0,18901.0
2002,CLE,703216.0,203645.0
2002,CLL,19725.0,12467.0
2002,CLT,1933193.0,664681.0
2002,CMH,433140.0,165967.0
2002,CMI,19231.0,7170.0
2002,COS,119830.0,55792.0
2002,CRP,35681.0,17302.0
2002,CVG,1067958.0,390478.0
2002,DAB,18292.0,5756.0
2002,DAL,316539.0,120453.0
2002,DAY,121876.0,43542.0
2002,DBQ,10700.0,4159.0
2002,DCA,945839.0,315529.0
2002,DEN,1790739.0,861236.0
2002,DFW,5179706.0,3343310.0
2002,DLG,1688.0,808.0
2002,DLH,19281.0,8875.0
2002,DRO,3433.0,2132.0
2002,DSM,91688.0,35351.0
2002,DTW,2603686.0,1364733.0
2002,DUT,3014.0,1345.0
2002,EGE,21781.0,5534.0
2002,ELP,196093.0,66861.0
2002,ERI,198.0,57.0
2002,EUG,11324.0,3679.0
2002,EVV,18417.0,5288.0
2002,EWR,2347388.0,849209.0
2002,EYW,17343.0,7794.0
2002,FAI,47777.0,20050.0
2002,FAR,25593.0,10975.0
2002,FAT,31776.0,16245.0
2002,FCA,17570.0,6902.0
2002,FLL,759155.0,233902.0
2002,FNT,12171.0,4030.0
2002,FSD,27120.0,11075.0
2002,FSM,25244.0,11972.0
2002,FWA,24628.0,8874.0
2002,GEG,118053.0,47111.0
2002,GFK,8643.0,3855.0
2002,GGG,11677.0,6806.0
2002,GPT,9925.0,4957.0
2002,GRB,49176.0,16256.0
2002,GRR,121646.0,38344.0
2002,GSO,144411.0,44798.0
2002,GSP,59573.0,18733.0
2002,GST,2082.0,360.0
2002,GTF,20249.0,8519.0
2002,GUC,3302.0,765.0
2002,HDN,10025.0,3028.0
2002,HLN,7902.0,2094.0
2002,HNL,185763.0,58963.0
2002,HOU,459946.0,238805.0
2002,HPN,83422.0,36118.0
2002,HRL,24706.0,9140.0
2002,HSV,41944.0,16846.0
2002,IAD,727606.0,275718.0
2002,IAH,2486855.0,847425.0
2002,ICT,61793.0,25539.0
2002,ILE,31937.0,14035.0
2002,ILM,21455.0,8572.0
2002,IND,433324.0,255402.0
2002,ISP,91964.0,40230.0
2002,JAC,17904.0,4177.0
2002,JAN,64948.0,30212.0
2002,JAX,269541.0,116705.0
2002,JFK,1200458.0,486837.0
2002,JNU,50678.0,17408.0
2002,KOA,18313.0,5948.0
2002,KTN,25294.0,11405.0
2002,LAN,24564.0,10699.0
2002,LAS,1861319.0,645275.0
2002,LAW,22926.0,9898.0
2002,LAX,2575052.0,1367484.0
2002,LBB,60242.0,26604.0
2002,LEX,19895.0,8706.0
2002,LFT,7912.0,3244.0
2002,LGA,2019618.0,731175.0
2002,LGB,45607.0,25290.0
2002,LIH,8191.0,5561.0
2002,LIT,131433.0,59573.0
2002,LRD,16185.0,7337.0
2002,LSE,18671.0,6107.0
2002,MAF,55815.0,23175.0
2002,MAZ,321.0,102.0
2002,MBS,20306.0,8328.0
2002,MCI,607332.0,248292.0
2002,MCO,1047911.0,408030.0
2002,MDT,66551.0,23598.0
2002,MDW,640337.0,275239.0
2002,MEM,714089.0,256253.0
2002,MFE,28026.0,11173.0
2002,MFR,9618.0,3346.0
2002,MHT,187590.0,76131.0
2002,MIA,1206520.0,498489.0
2002,MKE,202980.0,75237.0
2002,MLB,16270.0,5839.0
2002,MLI,13524.0,4706.0
2002,MLU,2858.0,1280.0
2002,MOB,22714.0,8389.0
2002,MOT,10724.0,4760.0
2002,MQT,3403.0,1152.0
2002,MRY,18404.0,8649.0
2002,MSN,76181.0,23159.0
2002,MSO,21638.0,9024.0
2002,MSP,2650342.0,912647.0
2002,MSY,478335.0,190287.0
2002,MTJ,4328.0,1476.0
2002,MYR,29047.0,10642.0
2002,OAK,612550.0,309624.0
2002,OGG,46452.0,21127.0
2002,OKC,191328.0,79482.0
2002,OMA,186806.0,60042.0
2002,OME,7009.0,3295.0
2002,ONT,294648.0,133230.0
2002,ORD,6058926.0,2612636.0
2002,ORF,209602.0,73166.0
2002,ORH,3073.0,1546.0
2002,OTZ,6635.0,3396.0
2002,PBI,276285.0,99439.0
2002,PDX,535479.0,198695.0
2002,PHL,2295836.0,781740.0
2002,PHX,2502082.0,1071836.0
2002,PIA,14234.0,4029.0
2002,PIT,1281750.0,545612.0
2002,PNS,46637.0,18230.0
2002,PSC,7811.0,3476.0
2002,PSG,4326.0,1931.0
2002,PSP,60175.0,28689.0
2002,PVD,322597.0,118967.0
2002,PWM,79604.0,30969.0
2002,RAP,12555.0,5502.0
2002,RDU,552910.0,228327.0
2002,RIC,177654.0,74791.0
2002,RNO,228143.0,97415.0
2002,ROC,125369.0,49298.0
2002,RST,24498.0,10996.0
2002,RSW,186411.0,55050.0
2002,SAN,944844.0,294489.0
2002,SAT,354792.0,124405.0
2002,SAV,72472.0,30906.0
2002,SBA,30568.0,15308.0
2002,SBN,3100.0,1262.0
2002,SBP,29079.0,11545.0
2002,SCC,2622.0,1380.0
2002,SDF,186811.0,86823.0
2002,SEA,1368570.0,608305.0
2002,SFO,1617518.0,556417.0
2002,SGF,51708.0,21948.0
2002,SHV,42999.0,25712.0
2002,SIT,13240.0,5819.0
2002,SJC,774668.0,278412.0
2002,SJT,20264.0,8942.0
2002,SJU,352733.0,150393.0
2002,SLC,1132982.0,381758.0
2002,SMF,370989.0,159267.0
2002,SNA,563015.0,299687.0
2002,SPS,21176.0,11981.0
2002,SRQ,42263.0,14945.0
2002,STL,2391773.0,912944.0
2002,STT,40769.0,15747.0
2002,STX,8497.0,2389.0
2002,SUX,7.0,3.0
2002,SWF,17566.0,5789.0
2002,SYR,125725.0,41141.0
2002,TLH,17185.0,6506.0
2002,TOL,21566.0,4495.0
2002,TPA,738496.0,295164.0
2002,TUL,206531.0,73781.0
2002,TUS,166074.0,63737.0
2002,TVC,26125.0,6961.0
2002,TXK,10840.0,5144.0
2002,TYR,27490.0,14115.0
2002,TYS,50759.0,17157.0
2002,VPS,26587.0,19870.0
2002,WRG,3957.0,1936.0
2002,XNA,54704.0,32303.0
2002,YAK,4276.0,2356.0
2003,ABE,45408.0,15419.0
2003,ABI,23265.0,9834.0
2003,ABQ,351982.0,158418.0
2003,ABY,12962.0,5419.0
2003,ACK,2028.0,936.0
2003,ACT,25710.0,11820.0
2003,ACV,26293.0,12486.0
2003,ACY,1167.0,484.0
2003,ADK,458.0,262.0
2003,ADQ,3842.0,1926.0
2003,AEX,26417.0,36986.0
2003,AGS,46389.0,36652.0
2003,AKN,1716.0,1127.0
2003,ALB,223466.0,63873.0
2003,AMA,68033.0,38514.0
2003,ANC,252400.0,101527.0
2003,ATL,7223759.0,3866122.0
2003,ATW,12069.0,3600.0
2003,AUS,436200.0,190851.0
2003,AVL,36771.0,49853.0
2003,AVP,9956.0,2912.0
2003,AZO,32232.0,9818.0
2003,BDL,469328.0,173021.0
2003,BET,6515.0,3349.0
2003,BFF,4.0,0.0
2003,BFL,20130.0,11003.0
2003,BGM,11050.0,3503.0
2003,BGR,37414.0,14757.0
2003,BHM,192899.0,68456.0
2003,BIL,44187.0,17168.0
2003,BIS,16133.0,8223.0
2003,BMI,26300.0,8958.0
2003,BNA,578934.0,274918.0
2003,BOI,135242.0,54905.0
2003,BOS,1977807.0,813482.0
2003,BPT,13640.0,5940.0
2003,BQK,11829.0,33900.0
2003,BQN,4321.0,1504.0
2003,BRO,14242.0,7518.0
2003,BRW,3337.0,2439.0
2003,BTM,11320.0,5323.0
2003,BTR,80773.0,52670.0
2003,BTV,85482.0,24509.0
2003,BUF,274172.0,79782.0
2003,BUR,268313.0,70437.0
2003,BWI,1273786.0,486766.0
2003,BZN,45895.0,18771.0
2003,CAE,109756.0,453039.0
2003,CAK,62298.0,24007.0
2003,CDC,7082.0,3918.0
2003,CDV,3729.0,2125.0
2003,CEC,8954.0,3268.0
2003,CHA,37781.0,58106.0
2003,CHO,18499.0,7735.0
2003,CHS,121911.0,403018.0
2003,CIC,8775.0,3218.0
2003,CID,55995.0,23117.0
2003,CLD,15152.0,6872.0
2003,CLE,1496727.0,489571.0
2003,CLL,30391.0,15925.0
2003,CLT,1771603.0,532968.0
2003,CMH,456221.0,162152.0
2003,CMI,24908.0,7079.0
2003,COD,6658.0,2842.0
2003,COS,159150.0,76530.0
2003,CPR,15805.0,6832.0
2003,CRP,73259.0,45346.0
2003,CRW,53133.0,16285.0
2003,CSG,17529.0,47040.0
2003,CVG,1592833.0,566679.0
2003,CYS,11.0,0.0
2003,DAB,38272.0,12649.0
2003,DAL,357251.0,138213.0
2003,DAY,190518.0,61961.0
2003,DBQ,12686.0,4572.0
2003,DCA,1147035.0,455740.0
2003,DEN,2104916.0,1007742.0
2003,DFW,5670180.0,4390371.0
2003,DHN,14781.0,12197.0
2003,DLG,1444.0,684.0
2003,DLH,11943.0,5356.0
2003,DRO,12965.0,6215.0
2003,DSM,110162.0,44583.0
2003,DTW,2473684.0,1230946.0
2003,DUT,2066.0,1139.0
2003,EFD,14356.0,5568.0
2003,EGE,21465.0,7547.0
2003,EKO,19564.0,11786.0
2003,ELP,184937.0,68760.0
2003,ERI,758.0,164.0
2003,EUG,30034.0,13367.0
2003,EVV,45708.0,38779.0
2003,EWR,3674266.0,1256550.0
2003,EYW,8248.0,2638.0
2003,FAI,45636.0,18719.0
2003,FAR,44837.0,19612.0
2003,FAT,109394.0,55859.0
2003,FAY,14042.0,55318.0
2003,FCA,20283.0,8192.0
2003,FLL,987561.0,295263.0
2003,FLO,8971.0,22369.0
2003,FMN,10.0,0.0
2003,FNT,40255.0,14948.0
2003,FSD,41389.0,15748.0
2003,FSM,21080.0,10466.0
2003,FWA,67751.0,35896.0
2003,GEG,137028.0,55139.0
2003,GFK,8044.0,3720.0
2003,GGG,11114.0,7033.0
2003,GJT,30208.0,12526.0
2003,GNV,17364.0,173098.0
2003,GPT,60051.0,47093.0
2003,GRB,53945.0,17321.0
2003,GRR,158075.0,66759.0
2003,GSO,205481.0,58177.0
2003,GSP,151548.0,43864.0
2003,GST,690.0,383.0
2003,GTF,25878.0,11592.0
2003,GTR,16977.0,8024.0
2003,GUC,2632.0,867.0
2003,HDN,10694.0,4306.0
2003,HLN,11939.0,4839.0
2003,HNL,244076.0,88739.0
2003,HOU,486341.0,254158.0
2003,HPN,128191.0,48508.0
2003,HRL,40369.0,15124.0
2003,HSV,79816.0,36838.0
2003,HTS,9602.0,13562.0
2003,IAD,1713646.0,591337.0
2003,IAH,3594348.0,1562815.0
2003,ICT,113525.0,195889.0
2003,IDA,23844.0,11056.0
2003,ILE,43545.0,22226.0
2003,ILM,30775.0,84164.0
2003,IND,574133.0,337226.0
2003,IPL,5609.0,2338.0
2003,ISP,101190.0,46785.0
2003,ITO,1908.0,1654.0
2003,IYK,8551.0,3428.0
2003,JAC,48523.0,15196.0
2003,JAN,95073.0,120558.0
2003,JAX,310141.0,131622.0
2003,JFK,1665016.0,630274.0
2003,JNU,49163.0,17475.0
2003,KOA,22044.0,8638.0
2003,KTN,24754.0,11444.0
2003,LAN,46779.0,16616.0
2003,LAS,2119584.0,747745.0
2003,LAW,22599.0,9660.0
2003,LAX,3047576.0,1600058.0
2003,LBB,80294.0,42486.0
2003,LCH,13686.0,6963.0
2003,LEX,87432.0,51849.0
2003,LFT,42139.0,42231.0
2003,LGA,2523845.0,897436.0
2003,LGB,140162.0,59407.0
2003,LIH,16292.0,12831.0
2003,LIT,160001.0,97536.0
2003,LNK,18928.0,6772.0
2003,LNY,277.0,234.0
2003,LRD,22769.0,8660.0
2003,LSE,16820.0,5813.0
2003,LWB,1296.0,726.0
2003,LYH,7988.0,14012.0
2003,MAF,65344.0,23472.0
2003,MBS,45892.0,15804.0
2003,MCI,653557.0,278540.0
2003,MCN,17134.0,18952.0
2003,MCO,1238160.0,491371.0
2003,MDT,102205.0,34404.0
2003,MDW,1242741.0,516225.0
2003,MEI,12024.0,6859.0
2003,MEM,723902.0,263637.0
2003,MFE,29317.0,14952.0
2003,MFR,30015.0,13406.0
2003,MGM,36519.0,25009.0
2003,MHT,253213.0,91754.0
2003,MIA,1191481.0,565720.0
2003,MKE,287424.0,101431.0
2003,MKK,227.0,196.0
2003,MLB,25154.0,401480.0
2003,MLI,33753.0,10065.0
2003,MLU,27071.0,35138.0
2003,MOB,53058.0,27614.0
2003,MOD,9958.0,3170.0
2003,MOT,11197.0,5692.0
2003,MQT,3530.0,1462.0
2003,MRY,65005.0,23070.0
2003,MSN,94303.0,28228.0
2003,MSO,33560.0,15002.0
2003,MSP,2610809.0,906229.0
2003,MSY,554481.0,216286.0
2003,MTJ,19328.0,7846.0
2003,MYR,54010.0,186444.0
2003,OAK,669973.0,325502.0
2003,OGG,67494.0,31020.0
2003,OKC,241283.0,107591.0
2003,OMA,228386.0,73592.0
2003,OME,5630.0,3367.0
2003,ONT,319863.0,179581.0
2003,ORD,6978664.0,3130495.0
2003,ORF,256830.0,167782.0
2003,OTZ,5925.0,3596.0
2003,OXR,12743.0,5210.0
2003,PBI,331139.0,115201.0
2003,PDX,563977.0,203685.0
2003,PFN,25278.0,32424.0
2003,PHF,53527.0,134211.0
2003,PHL,2364420.0,775519.0
2003,PHX,2497871.0,1057551.0
2003,PIA,44731.0,24451.0
2003,PIE,29450.0,11420.0
2003,PIH,12661.0,5324.0
2003,PIT,1086909.0,441112.0
2003,PNS,71793.0,88540.0
2003,PSC,27811.0,12868.0
2003,PSG,3651.0,1918.0
2003,PSP,115616.0,54191.0
2003,PVD,350830.0,121054.0
2003,PWM,119300.0,41859.0
2003,RAP,38675.0,17068.0
2003,RDD,15874.0,7077.0
2003,RDM,19513.0,8232.0
2003,RDU,645310.0,249835.0
2003,RIC,202125.0,78832.0
2003,RNO,260762.0,114608.0
2003,ROA,50267.0,54830.0
2003,ROC,216357.0,88659.0
2003,RST,20636.0,7630.0
2003,RSW,262530.0,76974.0
2003,SAN,1050658.0,302884.0
2003,SAT,377679.0,317099.0
2003,SAV,111221.0,387087.0
2003,SBA,87503.0,40302.0
2003,SBN,29663.0,77892.0
2003,SBP,52500.0,20067.0
2003,SCC,1993.0,1198.0
2003,SCE,13721.0,4343.0
2003,SDF,231170.0,104572.0
2003,SEA,1383500.0,615575.0
2003,SFO,1897321.0,667566.0
2003,SGF,45143.0,20125.0
2003,SGU,21727.0,10746.0
2003,SHV,67238.0,71214.0
2003,SIT,13715.0,5743.0
2003,SJC,730620.0,274049.0
2003,SJT,24225.0,10970.0
2003,SJU,358065.0,152571.0
2003,SLC,1851699.0,653428.0
2003,SMF,448718.0,192608.0
2003,SMX,14453.0,6918.0
2003,SNA,643691.0,331049.0
2003,SPS,22776.0,14113.0
2003,SRQ,49680.0,23824.0
2003,STL,1686061.0,634117.0
2003,STT,38350.0,15376.0
2003,STX,6943.0,2896.0
2003,SUN,23506.0,22380.0
2003,SUX,19.0,0.0
2003,SWF,24778.0,11900.0
2003,SYR,179993.0,57698.0
2003,TLH,40491.0,16938.0
2003,TOL,50071.0,26584.0
2003,TPA,856777.0,311052.0
2003,TRI,25838.0,22980.0
2003,TUL,227064.0,88718.0
2003,TUS,182464.0,77846.0
2003,TVC,23754.0,7037.0
2003,TWF,13761.0,36410.0
2003,TXK,15155.0,9281.0
2003,TYR,29880.0,15130.0
2003,TYS,127527.0,76240.0
2003,VCT,7806.0,3636.0
2003,VIS,5372.0,2241.0
2003,VLD,10506.0,51115.0
2003,VPS,58564.0,55973.0
2003,WRG,3678.0,1956.0
2003,WYS,1968.0,933.0
2003,XNA,113645.0,195636.0
2003,YAK,3606.0,2361.0
2003,YUM,11315.0,4839.0
2004,ABE,91728.0,34520.0
2004,ABI,26284.0,11507.0
2004,ABQ,383512.0,168494.0
2004,ABY,14044.0,12344.0
2004,ACK,3301.0,1056.0
2004,ACT,30781.0,14514.0
2004,ACV,27141.0,12867.0
2004,ACY,11519.0,3809.0
2004,ADK,596.0,377.0
2004,ADQ,3744.0,1878.0
2004,AEX,33965.0,20967.0
2004,AGS,43867.0,60520.0
2004,AKN,1835.0,1258.0
2004,ALB,256843.0,70149.0
2004,AMA,70661.0,44375.0
2004,ANC,248850.0,107331.0
2004,APF,1434.0,1927.0
2004,ATL,8587872.0,4865671.0
2004,ATW,32978.0,18662.0
2004,AUS,437613.0,202589.0
2004,AVL,48843.0,82190.0
2004,AVP,41802.0,11319.0
2004,AZO,55577.0,18061.0
2004,BDL,506987.0,172456.0
2004,BET,6867.0,3156.0
2004,BFL,24920.0,15167.0
2004,BGM,17441.0,9756.0
2004,BGR,54141.0,45140.0
2004,BHM,248178.0,97212.0
2004,BIL,56572.0,35992.0
2004,BIS,21743.0,9296.0
2004,BMI,32242.0,12317.0
2004,BNA,666266.0,393023.0
2004,BOI,151421.0,57480.0
2004,BOS,2473395.0,1037681.0
2004,BPT,20591.0,12865.0
2004,BQK,10483.0,14630.0
2004,BQN,7480.0,2692.0
2004,BRO,20619.0,7709.0
2004,BRW,3623.0,2547.0
2004,BTM,12623.0,5820.0
2004,BTR,86872.0,45782.0
2004,BTV,119692.0,43039.0
2004,BUF,379042.0,131662.0
2004,BUR,279475.0,71179.0
2004,BWI,1319248.0,545423.0
2004,BZN,54798.0,21121.0
2004,CAE,161274.0,653138.0
2004,CAK,136652.0,82660.0
2004,CDC,5556.0,2361.0
2004,CDV,3779.0,2179.0
2004,CEC,7321.0,2689.0
2004,CHA,47848.0,81471.0
2004,CHO,25147.0,22157.0
2004,CHS,199347.0,207443.0
2004,CIC,9104.0,3381.0
2004,CID,65193.0,25029.0
2004,CKB,1496.0,1260.0
2004,CLD,15886.0,6810.0
2004,CLE,1632627.0,560081.0
2004,CLL,32389.0,17156.0
2004,CLT,1741504.0,536351.0
2004,CMH,497095.0,193942.0
2004,CMI,38789.0,13770.0
2004,COD,8381.0,3441.0
2004,COS,181494.0,91290.0
2004,CPR,25610.0,9977.0
2004,CRP,85409.0,52943.0
2004,CRW,55504.0,31486.0
2004,CSG,15172.0,24401.0
2004,CVG,3463290.0,2965460.0
2004,DAB,54673.0,35830.0
2004,DAL,371787.0,133871.0
2004,DAY,243118.0,83547.0
2004,DBQ,15147.0,5283.0
2004,DCA,1378165.0,530914.0
2004,DEN,2292480.0,1114960.0
2004,DFW,6265455.0,4931144.0
2004,DHN,15889.0,21062.0
2004,DLG,1225.0,639.0
2004,DLH,17587.0,8259.0
2004,DRO,4187.0,2088.0
2004,DSM,148369.0,63152.0
2004,DTW,2650596.0,1348952.0
2004,DUT,179.0,84.0
2004,EFD,10070.0,3651.0
2004,EGE,24860.0,9559.0
2004,EKO,17118.0,9020.0
2004,ELP,207785.0,82666.0
2004,ERI,13110.0,2764.0
2004,EUG,44627.0,18791.0
2004,EVV,63436.0,37402.0
2004,EWR,4172066.0,1348051.0
2004,EYW,6505.0,5374.0
2004,FAI,46836.0,19086.0
2004,FAR,43655.0,18909.0
2004,FAT,114307.0,55798.0
2004,FAY,14173.0,96828.0
2004,FCA,31986.0,14233.0
2004,FLL,1123044.0,311429.0
2004,FLO,8803.0,14954.0
2004,FMN,15.0,0.0
2004,FNT,83660.0,47992.0
2004,FSD,64509.0,25134.0
2004,FSM,15564.0,8330.0
2004,FWA,80175.0,66751.0
2004,GEG,145170.0,58665.0
2004,GFK,8767.0,4055.0
2004,GGG,10537.0,5858.0
2004,GJT,29185.0,9814.0
2004,GNV,14955.0,299476.0
2004,GPT,59321.0,77071.0
2004,GRB,73911.0,25596.0
2004,GRK,23093.0,9968.0
2004,GRR,227908.0,214088.0
2004,GSO,277591.0,106401.0
2004,GSP,211389.0,114465.0
2004,GST,948.0,429.0
2004,GTF,31840.0,15623.0
2004,GTR,13669.0,13292.0
2004,GUC,2351.0,673.0
2004,HDN,13370.0,4454.0
2004,HLN,24109.0,143340.0
2004,HNL,481116.0,186981.0
2004,HOU,526184.0,271447.0
2004,HPN,139993.0,60552.0
2004,HRL,47972.0,15680.0
2004,HSV,155299.0,113432.0
2004,HTS,10528.0,16359.0
2004,HVN,8054.0,6514.0
2004,IAD,2553864.0,909286.0
2004,IAH,4382922.0,2054461.0
2004,ICT,130137.0,156495.0
2004,IDA,23687.0,10136.0
2004,ILE,26888.0,12596.0
2004,ILM,29939.0,105812.0
2004,IND,598724.0,336461.0
2004,IPL,6104.0,2221.0
2004,ISP,138383.0,90670.0
2004,ITO,14348.0,11700.0
2004,IYK,8487.0,3449.0
2004,JAC,42776.0,10795.0
2004,JAN,121481.0,184518.0
2004,JAX,378983.0,395056.0
2004,JFK,2203252.0,858585.0
2004,JNU,48262.0,18127.0
2004,KOA,47395.0,24287.0
2004,KTN,22282.0,10831.0
2004,LAN,63004.0,23144.0
2004,LAS,2594463.0,915943.0
2004,LAW,21274.0,10128.0
2004,LAX,3321891.0,1752719.0
2004,LBB,82429.0,39348.0
2004,LCH,18752.0,7518.0
2004,LEX,125176.0,55689.0
2004,LFT,45281.0,63142.0
2004,LGA,3005817.0,1060165.0
2004,LGB,146463.0,62396.0
2004,LIH,36051.0,36847.0
2004,LIT,196532.0,204272.0
2004,LNK,27114.0,8952.0
2004,LNY,1034.0,845.0
2004,LRD,23657.0,8523.0
2004,LSE,19864.0,5604.0
2004,LWB,1575.0,711.0
2004,LYH,9353.0,5567.0
2004,MAF,67791.0,22845.0
2004,MBS,43162.0,16280.0
2004,MCI,683273.0,284242.0
2004,MCN,17454.0,20477.0
2004,MCO,1544529.0,659312.0
2004,MDT,147113.0,75280.0
2004,MDW,1408311.0,525429.0
2004,MEI,12298.0,20198.0
2004,MEM,744636.0,319247.0
2004,MFE,32144.0,14820.0
2004,MFR,35130.0,14292.0
2004,MGM,34525.0,26773.0
2004,MHT,336687.0,112180.0
2004,MIA,1147658.0,527819.0
2004,MKE,306861.0,128515.0
2004,MKK,759.0,25232.0
2004,MLB,32571.0,315301.0
2004,MLI,48977.0,17535.0
2004,MLU,27691.0,74366.0
2004,MOB,56518.0,26648.0
2004,MOD,11105.0,3352.0
2004,MOT,10775.0,5467.0
2004,MQT,10127.0,6048.0
2004,MRY,64635.0,23579.0
2004,MSN,112567.0,35012.0
2004,MSO,43803.0,20993.0
2004,MSP,2680522.0,1013808.0
2004,MSY,540805.0,300885.0
2004,MTJ,22509.0,8808.0
2004,MYR,81673.0,429132.0
2004,OAK,738069.0,368114.0
2004,OGD,32.0,0.0
2004,OGG,122403.0,66903.0
2004,OKC,240681.0,123543.0
2004,OMA,256789.0,105663.0
2004,OME,5821.0,3113.0
2004,ONT,350147.0,206240.0
2004,ORD,7645214.0,3401816.0
2004,ORF,298742.0,389093.0
2004,OTZ,6229.0,3394.0
2004,OXR,13556.0,5129.0
2004,PBI,363210.0,169122.0
2004,PDX,585578.0,210907.0
2004,PFN,22641.0,53036.0
2004,PHF,58406.0,76887.0
2004,PHL,2779238.0,919327.0
2004,PHX,2438484.0,1034907.0
2004,PIA,50328.0,28154.0
2004,PIE,29025.0,10881.0
2004,PIH,14925.0,5334.0
2004,PIT,965419.0,409172.0
2004,PNS,77758.0,46539.0
2004,PSC,38003.0,18687.0
2004,PSG,3941.0,1992.0
2004,PSP,118583.0,53789.0
2004,PUB,9.0,0.0
2004,PVD,401178.0,132965.0
2004,PVU,12.0,11.0
2004,PWM,153274.0,56588.0
2004,RAP,40540.0,16810.0
2004,RDD,16774.0,7040.0
2004,RDM,18707.0,7911.0
2004,RDU,801591.0,332141.0
2004,RIC,239170.0,117394.0
2004,RNO,303950.0,131204.0
2004,ROA,50634.0,54261.0
2004,ROC,279536.0,132500.0
2004,RST,28049.0,10431.0
2004,RSW,305374.0,92486.0
2004,SAN,1111892.0,308449.0
2004,SAT,395588.0,329699.0
2004,SAV,180765.0,201793.0
2004,SBA,97688.0,114363.0
2004,SBN,51093.0,111135.0
2004,SBP,54389.0,19791.0
2004,SCC,1736.0,952.0
2004,SCE,15714.0,5491.0
2004,SDF,290196.0,125354.0
2004,SEA,1501758.0,662318.0
2004,SFO,2056953.0,722359.0
2004,SGF,68423.0,23664.0
2004,SGU,21399.0,9187.0
2004,SHV,83742.0,186770.0
2004,SIT,13001.0,5932.0
2004,SJC,761931.0,250871.0
2004,SJT,23615.0,10585.0
2004,SJU,388050.0,144621.0
2004,SLC,2238654.0,816060.0
2004,SMF,485299.0,206944.0
2004,SMX,14561.0,6641.0
2004,SNA,657869.0,313838.0
2004,SPS,24669.0,14515.0
2004,SRQ,76176.0,70065.0
2004,STL,758259.0,294712.0
2004,STT,39612.0,16107.0
2004,STX,4333.0,1460.0
2004,SUN,21007.0,6745.0
2004,SWF,52123.0,19368.0
2004,SYR,225199.0,81081.0
2004,TLH,57605.0,57560.0
2004,TOL,60621.0,39466.0
2004,TPA,878304.0,311482.0
2004,TRI,33940.0,77743.0
2004,TUL,231511.0,98396.0
2004,TUS,186722.0,76610.0
2004,TVC,32028.0,15706.0
2004,TWF,15286.0,6007.0
2004,TXK,16625.0,8335.0
2004,TYR,31984.0,17387.0
2004,TYS,179513.0,152391.0
2004,VCT,8046.0,3865.0
2004,VIS,4256.0,1522.0
2004,VLD,9699.0,14874.0
2004,VPS,89578.0,69151.0
2004,WRG,3621.0,2114.0
2004,WYS,1516.0,605.0
2004,XNA,166129.0,164477.0
2004,YAK,3554.0,2126.0
2004,YUM,10952.0,4516.0
2005,ABE,60245.0,75808.0
2005,ABI,24824.0,9805.0
2005,ABQ,371803.0,168882.0
2005,ABY,11299.0,48003.0
2005,ACK,4084.0,1063.0
2005,ACT,29514.0,13949.0
2005,ACV,30062.0,13710.0
2005,ACY,13423.0,4402.0
2005,ADK,616.0,397.0
2005,ADQ,3928.0,1874.0
2005,AEX,29391.0,26047.0
2005,AGS,28914.0,99330.0
2005,AKN,1774.0,1297.0
2005,ALB,245784.0,76006.0
2005,AMA,73281.0,33480.0
2005,ANC,264226.0,115137.0
2005,APF,10119.0,17994.0
2005,ATL,7872534.0,4575962.0
2005,ATW,26704.0,35485.0
2005,AUS,467379.0,221150.0
2005,AVL,61290.0,342816.0
2005,AVP,29045.0,182801.0
2005,AZO,56544.0,19550.0
2005,BDL,515635.0,182240.0
2005,BET,8233.0,3240.0
2005,BFL,32245.0,20133.0
2005,BGM,13475.0,4199.0
2005,BGR,64712.0,22306.0
2005,BHM,242960.0,81886.0
2005,BIL,53738.0,21614.0
2005,BIS,25130.0,9266.0
2005,BMI,27947.0,10936.0
2005,BNA,660878.0,329606.0
2005,BOI,170852.0,65759.0
2005,BOS,2359227.0,926899.0
2005,BPT,11097.0,12050.0
2005,BQK,9808.0,45199.0
2005,BQN,10108.0,3709.0
2005,BRO,28249.0,10515.0
2005,BRW,3468.0,2326.0
2005,BTM,11862.0,5379.0
2005,BTR,116016.0,95169.0
2005,BTV,137266.0,36204.0
2005,BUF,356222.0,113654.0
2005,BUR,321782.0,83308.0
2005,BWI,1310809.0,517796.0
2005,BZN,63313.0,23264.0
2005,CAE,142041.0,598549.0
2005,CAK,121085.0,51657.0
2005,CDC,7676.0,3197.0
2005,CDV,4777.0,2787.0
2005,CEC,7894.0,2924.0
2005,CHA,51928.0,189775.0
2005,CHO,19914.0,195995.0
2005,CHS,183759.0,120589.0
2005,CIC,10053.0,3316.0
2005,CID,80461.0,31114.0
2005,CLD,15022.0,6820.0
2005,CLE,1555248.0,573926.0
2005,CLL,32782.0,16288.0
2005,CLT,1969248.0,606754.0
2005,CMH,478355.0,180741.0
2005,CMI,45099.0,14522.0
2005,COD,9030.0,3557.0
2005,COS,205276.0,89522.0
2005,CPR,30834.0,11590.0
2005,CRP,99897.0,54575.0
2005,CRW,54537.0,141641.0
2005,CSG,16128.0,38023.0
2005,CVG,3287147.0,1049066.0
2005,CWA,2657.0,683.0
2005,CYS,5.0,0.0
2005,DAB,49452.0,299264.0
2005,DAL,361726.0,127497.0
2005,DAY,213936.0,71865.0
2005,DBQ,14287.0,5098.0
2005,DCA,1622002.0,528247.0
2005,DEN,2650840.0,1378020.0
2005,DFW,5267630.0,3525255.0
2005,DHN,16190.0,87351.0
2005,DLG,1241.0,615.0
2005,DLH,12334.0,5710.0
2005,DRO,4918.0,2323.0
2005,DSM,128529.0,79961.0
2005,DTW,2548286.0,1409560.0
2005,EGE,31040.0,6965.0
2005,EKO,14767.0,7302.0
2005,ELP,219821.0,76423.0
2005,ERI,14315.0,3910.0
2005,EUG,50871.0,21119.0
2005,EVV,62034.0,45692.0
2005,EWR,4085726.0,1312478.0
2005,EYW,8370.0,4093.0
2005,FAI,52135.0,21489.0
2005,FAR,41590.0,19494.0
2005,FAT,120052.0,55422.0
2005,FAY,12318.0,54793.0
2005,FCA,35922.0,15233.0
2005,FLL,1238138.0,327207.0
2005,FLO,8592.0,122258.0
2005,FNT,86821.0,184842.0
2005,FSD,56079.0,23614.0
2005,FSM,19010.0,10219.0
2005,FWA,69229.0,105220.0
2005,GEG,140760.0,56889.0
2005,GFK,7028.0,3451.0
2005,GGG,10861.0,6233.0
2005,GJT,31898.0,11675.0
2005,GNV,18972.0,107418.0
2005,GPT,64163.0,135396.0
2005,GRB,76966.0,31404.0
2005,GRK,62651.0,25190.0
2005,GRR,216713.0,379278.0
2005,GSO,273722.0,82088.0
2005,GSP,176931.0,282662.0
2005,GST,662.0,410.0
2005,GTF,36589.0,18127.0
2005,GTR,10416.0,23601.0
2005,GUC,3219.0,960.0
2005,HDN,14593.0,3569.0
2005,HKY,5875.0,6710.0
2005,HLN,22213.0,8333.0
2005,HNL,516620.0,197703.0
2005,HOU,524516.0,256213.0
2005,HPN,110865.0,38221.0
2005,HRL,51873.0,16399.0
2005,HSV,137160.0,115688.0
2005,HTS,12504.0,37351.0
2005,HVN,11348.0,3624.0
2005,IAD,2415831.0,765402.0
2005,IAH,4335877.0,1852099.0
2005,ICT,129315.0,70664.0
2005,IDA,26858.0,12166.0
2005,ILM,38187.0,285199.0
2005,IND,613515.0,354748.0
2005,IPL,7617.0,2449.0
2005,ISO,6107.0,9833.0
2005,ISP,125880.0,102611.0
2005,ITO,14183.0,12834.0
2005,IYK,9722.0,3535.0
2005,JAC,48588.0,11779.0
2005,JAN,118984.0,206613.0
2005,JAX,374766.0,147383.0
2005,JFK,2875293.0,986102.0
2005,JNU,50343.0,19320.0
2005,KOA,56353.0,27703.0
2005,KTN,24782.0,12265.0
2005,LAN,42616.0,21516.0
2005,LAS,2616294.0,1035199.0
2005,LAW,23108.0,11242.0
2005,LAX,3245014.0,1698554.0
2005,LBB,86926.0,29940.0
2005,LCH,20057.0,6483.0
2005,LEX,121196.0,150611.0
2005,LFT,53419.0,33247.0
2005,LGA,2897487.0,961313.0
2005,LGB,146738.0,52885.0
2005,LIH,36104.0,38079.0
2005,LIT,209201.0,261280.0
2005,LNK,19931.0,8722.0
2005,LRD,30646.0,10167.0
2005,LSE,16597.0,5394.0
2005,LWB,1502.0,710.0
2005,LWS,6731.0,3438.0
2005,LYH,8855.0,52593.0
2005,MAF,71539.0,24905.0
2005,MBS,30769.0,12714.0
2005,MCI,635518.0,279814.0
2005,MCN,10411.0,29603.0
2005,MCO,1590537.0,696525.0
2005,MDT,102494.0,332566.0
2005,MDW,1182442.0,450603.0
2005,MEI,12522.0,9448.0
2005,MEM,744199.0,294281.0
2005,MFE,38414.0,14946.0
2005,MFR,42737.0,16811.0
2005,MGM,38875.0,39657.0
2005,MHT,322479.0,132690.0
2005,MIA,1128666.0,494414.0
2005,MKE,314200.0,107818.0
2005,MLB,40343.0,94854.0
2005,MLI,53807.0,20694.0
2005,MLU,18411.0,85717.0
2005,MOB,47557.0,20078.0
2005,MOD,11981.0,4030.0
2005,MOT,11211.0,5667.0
2005,MQT,11509.0,4961.0
2005,MRY,66278.0,23446.0
2005,MSN,130575.0,40412.0
2005,MSO,45967.0,21353.0
2005,MSP,2631995.0,919702.0
2005,MSY,408027.0,175218.0
2005,MTJ,27005.0,10171.0
2005,MYR,77241.0,121472.0
2005,OAK,751089.0,351825.0
2005,OGD,5.0,0.0
2005,OGG,130375.0,72440.0
2005,OKC,227217.0,332520.0
2005,OMA,276560.0,480466.0
2005,OME,5979.0,3393.0
2005,ONT,367193.0,159229.0
2005,ORD,6589321.0,2912092.0
2005,ORF,268023.0,125157.0
2005,OTZ,7237.0,3588.0
2005,OXR,14379.0,5198.0
2005,PBI,370950.0,124266.0
2005,PDX,592493.0,219334.0
2005,PFN,25336.0,65954.0
2005,PHF,76742.0,216376.0
2005,PHL,2853057.0,869284.0
2005,PHX,2576001.0,1086488.0
2005,PIA,50027.0,32185.0
2005,PIE,6039.0,1930.0
2005,PIH,16189.0,6311.0
2005,PIT,763086.0,336634.0
2005,PNS,112081.0,50895.0
2005,PSC,32620.0,15010.0
2005,PSE,2238.0,781.0
2005,PSG,5182.0,2820.0
2005,PSP,106839.0,45253.0
2005,PVD,389644.0,132424.0
2005,PVU,0.0,0.0
2005,PWM,135719.0,105890.0
2005,RAP,38510.0,16324.0
2005,RDD,15129.0,6131.0
2005,RDM,28345.0,10773.0
2005,RDU,817910.0,292302.0
2005,RIC,257711.0,98979.0
2005,RNO,286765.0,127516.0
2005,ROA,34252.0,131700.0
2005,ROC,259426.0,431452.0
2005,RST,27910.0,9807.0
2005,RSW,367629.0,126024.0
2005,SAN,1190722.0,333342.0
2005,SAT,401213.0,185024.0
2005,SAV,177795.0,104814.0
2005,SBA,111458.0,49478.0
2005,SBN,40542.0,242833.0
2005,SBP,56166.0,18422.0
2005,SCC,2040.0,972.0
2005,SCE,11767.0,4000.0
2005,SDF,298903.0,162282.0
2005,SEA,1465395.0,648340.0
2005,SFO,2031786.0,708505.0
2005,SGF,89050.0,31346.0
2005,SGU,23340.0,10037.0
2005,SHV,75113.0,151757.0
2005,SIT,12773.0,5888.0
2005,SJC,674105.0,248387.0
2005,SJT,18839.0,7713.0
2005,SJU,379401.0,138873.0
2005,SLC,2622277.0,1012046.0
2005,SMF,500896.0,213042.0
2005,SMX,16313.0,6975.0
2005,SNA,633094.0,295305.0
2005,SPI,3505.0,1286.0
2005,SPS,30809.0,19501.0
2005,SRQ,85487.0,33935.0
2005,STL,813463.0,373030.0
2005,STT,39805.0,14314.0
2005,STX,5465.0,1770.0
2005,SUN,25249.0,7706.0
2005,SWF,42840.0,13012.0
2005,SYR,218267.0,164221.0
2005,TLH,55946.0,25270.0
2005,TOL,54751.0,306503.0
2005,TPA,1002749.0,361093.0
2005,TRI,35870.0,86100.0
2005,TUL,237927.0,198101.0
2005,TUP,5068.0,7923.0
2005,TUS,198606.0,81120.0
2005,TVC,33754.0,11352.0
2005,TWF,18115.0,6999.0
2005,TXK,11865.0,5659.0
2005,TYR,27273.0,15340.0
2005,TYS,179153.0,98578.0
2005,VCT,4502.0,1932.0
2005,VIS,3173.0,1123.0
2005,VLD,10985.0,143068.0
2005,VPS,80698.0,104469.0
2005,WRG,5239.0,2798.0
2005,WYS,1828.0,747.0
2005,XNA,172750.0,126082.0
2005,YAK,4844.0,3172.0
2005,YUM,11326.0,4331.0
2006,ABE,62832.0,44452.0
2006,ABI,23290.0,10309.0
2006,ABQ,371235.0,175519.0
2006,ABY,11496.0,57164.0
2006,ACK,4724.0,969.0
2006,ACT,20707.0,10502.0
2006,ACV,30218.0,13077.0
2006,ACY,8905.0,39178.0
2006,ADK,618.0,395.0
2006,ADQ,3358.0,1563.0
2006,AEX,34406.0,15070.0
2006,AGS,24359.0,137466.0
2006,AKN,1844.0,1364.0
2006,ALB,193494.0,224717.0
2006,AMA,75243.0,34635.0
2006,ANC,258762.0,106400.0
2006,APF,8606.0,9948.0
2006,ASE,38372.0,11023.0
2006,ATL,8211727.0,4424874.0
2006,ATW,45193.0,28063.0
2006,AUS,512899.0,228211.0
2006,AVL,43066.0,154758.0
2006,AVP,31413.0,12206.0
2006,AZO,59258.0,36161.0
2006,BDL,452709.0,169969.0
2006,BET,7517.0,3170.0
2006,BFL,62468.0,26961.0
2006,BGM,7570.0,5572.0
2006,BGR,57553.0,18979.0
2006,BHM,230477.0,78924.0
2006,BIL,46685.0,18855.0
2006,BIS,24529.0,10055.0
2006,BLI,4102.0,1869.0
2006,BMI,57604.0,22775.0
2006,BNA,721854.0,322674.0
2006,BOI,169738.0,63959.0
2006,BOS,2413754.0,913522.0
2006,BPT,5138.0,2289.0
2006,BQK,7525.0,23925.0
2006,BQN,15055.0,6217.0
2006,BRO,34177.0,12102.0
2006,BRW,4031.0,2314.0
2006,BTM,7845.0,3326.0
2006,BTR,129524.0,108360.0
2006,BTV,106821.0,35177.0
2006,BUF,361292.0,169133.0
2006,BUR,371011.0,86140.0
2006,BWI,1304837.0,496795.0
2006,BZN,60974.0,21865.0
2006,CAE,148494.0,211476.0
2006,CAK,113427.0,45735.0
2006,CDC,3788.0,1124.0
2006,CDV,4891.0,2513.0
2006,CEC,9616.0,3097.0
2006,CHA,52147.0,46573.0
2006,CHO,19810.0,54848.0
2006,CHS,164816.0,91067.0
2006,CIC,12960.0,4364.0
2006,CID,97757.0,43952.0
2006,CLD,27054.0,10929.0
2006,CLE,1403939.0,634240.0
2006,CLL,18226.0,8368.0
2006,CLT,2170250.0,691300.0
2006,CMH,466561.0,171647.0
2006,CMI,40618.0,14597.0
2006,COD,13712.0,5316.0
2006,COS,245637.0,103057.0
2006,CPR,31976.0,11771.0
2006,CRP,101896.0,43302.0
2006,CRW,47629.0,25061.0
2006,CSG,11311.0,18113.0
2006,CVG,1878877.0,537864.0
2006,CWA,13054.0,4442.0
2006,DAB,47596.0,16964.0
2006,DAL,458352.0,155371.0
2006,DAY,190838.0,65720.0
2006,DBQ,15857.0,5023.0
2006,DCA,1536832.0,470215.0
2006,DEN,3376032.0,1767897.0
2006,DFW,5030483.0,3056475.0
2006,DHN,15362.0,17489.0
2006,DLG,1092.0,544.0
2006,DLH,11404.0,5205.0
2006,DRO,44108.0,18503.0
2006,DSM,159475.0,78256.0
2006,DTW,2360319.0,1235165.0
2006,EGE,51652.0,12032.0
2006,EKO,14285.0,7254.0
2006,ELP,222024.0,81433.0
2006,ERI,9401.0,3418.0
2006,EUG,61617.0,24116.0
2006,EVV,43886.0,16236.0
2006,EWR,4606734.0,1406501.0
2006,EYW,8591.0,5580.0
2006,FAI,47771.0,17806.0
2006,FAR,59453.0,23690.0
2006,FAT,145271.0,64358.0
2006,FAY,16396.0,45288.0
2006,FCA,28783.0,10563.0
2006,FLG,17526.0,8112.0
2006,FLL,1060134.0,306830.0
2006,FLO,6773.0,8967.0
2006,FNT,86782.0,98542.0
2006,FSD,73962.0,29732.0
2006,FSM,14370.0,7670.0
2006,FWA,63161.0,24952.0
2006,GEG,147831.0,58919.0
2006,GFK,8051.0,3664.0
2006,GGG,9230.0,5320.0
2006,GJT,48109.0,18000.0
2006,GNV,17861.0,17562.0
2006,GPT,81517.0,48082.0
2006,GRB,86298.0,32921.0
2006,GRK,56933.0,25644.0
2006,GRR,226748.0,122502.0
2006,GSO,208247.0,62829.0
2006,GSP,155441.0,67247.0
2006,GST,750.0,385.0
2006,GTF,32978.0,16337.0
2006,GTR,6408.0,7759.0
2006,GUC,14862.0,3492.0
2006,HDN,36081.0,7798.0
2006,HKY,303.0,1574.0
2006,HLN,14688.0,5564.0
2006,HNL,763926.0,298363.0
2006,HOU,475785.0,283468.0
2006,HPN,120938.0,67362.0
2006,HRL,51724.0,15593.0
2006,HSV,94673.0,46662.0
2006,HTS,5953.0,2247.0
2006,HVN,42.0,9.0
2006,IAD,1704091.0,685249.0
2006,IAH,4819555.0,2041050.0
2006,ICT,148514.0,88189.0
2006,IDA,26916.0,10721.0
2006,ILG,4090.0,2977.0
2006,ILM,35123.0,163527.0
2006,IND,543949.0,316109.0
2006,IPL,11515.0,4164.0
2006,ISO,6631.0,15760.0
2006,ISP,102735.0,88639.0
2006,ITO,45104.0,30627.0
2006,IYK,10821.0,3627.0
2006,JAC,55527.0,12965.0
2006,JAN,115677.0,72903.0
2006,JAX,387735.0,158358.0
2006,JFK,3576034.0,1100857.0
2006,JNU,53827.0,19391.0
2006,KOA,108732.0,49398.0
2006,KTN,25235.0,11600.0
2006,LAN,55963.0,27912.0
2006,LAS,3025900.0,1159173.0
2006,LAW,18898.0,9101.0
2006,LAX,3444636.0,1850558.0
2006,LBB,84102.0,30390.0
2006,LCH,26940.0,6790.0
2006,LEX,132077.0,45235.0
2006,LFT,71816.0,38042.0
2006,LGA,3283989.0,981823.0
2006,LGB,181310.0,59754.0
2006,LIH,72307.0,67666.0
2006,LIT,192159.0,80952.0
2006,LNK,30823.0,13073.0
2006,LRD,30288.0,9904.0
2006,LSE,18743.0,5872.0
2006,LWB,1944.0,724.0
2006,LWS,8048.0,3686.0
2006,LYH,10084.0,37202.0
2006,MAF,74393.0,28305.0
2006,MBS,37948.0,13707.0
2006,MCI,630791.0,267065.0
2006,MCN,11104.0,34333.0
2006,MCO,1582912.0,730533.0
2006,MDT,100776.0,174320.0
2006,MDW,1219563.0,495516.0
2006,MEI,9244.0,11264.0
2006,MEM,777895.0,308147.0
2006,MFE,54831.0,36004.0
2006,MFR,59851.0,22609.0
2006,MGM,38366.0,38504.0
2006,MHT,276673.0,272565.0
2006,MIA,1119409.0,474839.0
2006,MKE,332461.0,198326.0
2006,MLB,27486.0,22327.0
2006,MLI,77198.0,27419.0
2006,MLU,23498.0,15765.0
2006,MOB,62804.0,28443.0
2006,MOD,23092.0,6892.0
2006,MOT,11626.0,5873.0
2006,MQT,9742.0,4730.0
2006,MRY,80165.0,27967.0
2006,MSN,176100.0,59597.0
2006,MSO,43856.0,20365.0
2006,MSP,2190985.0,947723.0
2006,MSY,323208.0,122125.0
2006,MTJ,30508.0,11011.0
2006,MYR,76994.0,75362.0
2006,OAJ,700.0,238.0
2006,OAK,794607.0,395037.0
2006,OGG,188382.0,116029.0
2006,OKC,250770.0,197720.0
2006,OMA,268365.0,260659.0
2006,OME,5454.0,3515.0
2006,ONT,380268.0,155096.0
2006,ORD,7129277.0,3024807.0
2006,ORF,248311.0,132301.0
2006,OTZ,6151.0,3661.0
2006,OXR,15667.0,5260.0
2006,PBI,383803.0,131140.0
2006,PDX,639752.0,224370.0
2006,PFN,23092.0,15764.0
2006,PHF,69275.0,180276.0
2006,PHL,2521090.0,763171.0
2006,PHX,3177560.0,1435848.0
2006,PIA,60652.0,26709.0
2006,PIH,16903.0,6356.0
2006,PIT,722136.0,282563.0
2006,PNS,107778.0,41484.0
2006,PSC,21177.0,10197.0
2006,PSE,7356.0,3013.0
2006,PSG,5440.0,2894.0
2006,PSP,140650.0,57748.0
2006,PVD,324877.0,178987.0
2006,PWM,114035.0,85439.0
2006,RAP,53267.0,20147.0
2006,RDD,20513.0,7535.0
2006,RDM,37775.0,12402.0
2006,RDU,794267.0,273269.0
2006,RFD,7390.0,2333.0
2006,RIC,282907.0,97574.0
2006,RNO,276470.0,119699.0
2006,ROA,48760.0,190544.0
2006,ROC,237753.0,361934.0
2006,RST,28322.0,9627.0
2006,RSW,348443.0,141000.0
2006,SAN,1219571.0,339066.0
2006,SAT,452161.0,263662.0
2006,SAV,179718.0,71586.0
2006,SBA,140884.0,59621.0
2006,SBN,15527.0,10024.0
2006,SBP,76033.0,24815.0
2006,SCC,3388.0,1606.0
2006,SCE,10810.0,3864.0
2006,SDF,249440.0,106552.0
2006,SEA,1607678.0,683332.0
2006,SFO,2096213.0,735258.0
2006,SGF,102986.0,46824.0
2006,SGU,32023.0,12829.0
2006,SHV,68439.0,52057.0
2006,SIT,15018.0,5851.0
2006,SJC,729922.0,251101.0
2006,SJT,14863.0,6326.0
2006,SJU,400996.0,139783.0
2006,SLC,2490050.0,893063.0
2006,SMF,537779.0,225435.0
2006,SMX,19500.0,6189.0
2006,SNA,670532.0,312714.0
2006,SOP,1201.0,517.0
2006,SPI,21355.0,7181.0
2006,SPS,23283.0,15767.0
2006,SRQ,87829.0,81459.0
2006,STL,767445.0,314958.0
2006,STT,34792.0,12596.0
2006,STX,3990.0,1592.0
2006,SUN,26462.0,8435.0
2006,SWF,15110.0,4801.0
2006,SYR,181121.0,350721.0
2006,TEX,3169.0,1305.0
2006,TLH,35076.0,14759.0
2006,TOL,42356.0,17065.0
2006,TPA,942196.0,346716.0
2006,TRI,13090.0,31330.0
2006,TTN,708.0,212.0
2006,TUL,240375.0,147238.0
2006,TUP,6980.0,6994.0
2006,TUS,265959.0,122250.0
2006,TVC,46316.0,14767.0
2006,TWF,19716.0,7226.0
2006,TXK,8434.0,3797.0
2006,TYR,15343.0,8038.0
2006,TYS,135528.0,138270.0
2006,VLD,10676.0,50482.0
2006,VPS,76636.0,80112.0
2006,WRG,5410.0,2784.0
2006,WYS,2157.0,927.0
2006,XNA,138894.0,107147.0
2006,YAK,4600.0,2897.0
2006,YUM,36251.0,14798.0
2007,ABE,76360.0,26764.0
2007,ABI,26171.0,9874.0
2007,ABQ,432196.0,220897.0
2007,ABY,10768.0,5380.0
2007,ACK,5483.0,1374.0
2007,ACT,20231.0,9843.0
2007,ACV,38143.0,16629.0
2007,ACY,9800.0,2975.0
2007,ADK,677.0,457.0
2007,ADQ,4159.0,1889.0
2007,AEX,32544.0,10077.0
2007,AGS,22522.0,8384.0
2007,AKN,1117.0,930.0
2007,ALB,217871.0,60930.0
2007,ALO,4049.0,1178.0
2007,AMA,67263.0,34109.0
2007,ANC,273121.0,94502.0
2007,APF,5903.0,2186.0
2007,ASE,59990.0,16199.0
2007,ATL,8088991.0,4342352.0
2007,ATW,77425.0,26634.0
2007,AUS,629981.0,271812.0
2007,AVL,55097.0,13736.0
2007,AVP,41601.0,11407.0
2007,AZO,70446.0,20635.0
2007,BDL,478034.0,175583.0
2007,BET,6783.0,3143.0
2007,BFL,59239.0,24004.0
2007,BGM,13950.0,4572.0
2007,BGR,61662.0,18984.0
2007,BHM,291766.0,94903.0
2007,BIL,55587.0,19255.0
2007,BIS,36397.0,13435.0
2007,BJI,1375.0,686.0
2007,BLI,6537.0,2641.0
2007,BMI,54359.0,16962.0
2007,BNA,720558.0,357792.0
2007,BOI,198246.0,77678.0
2007,BOS,2551330.0,936439.0
2007,BPT,4411.0,2140.0
2007,BQK,7914.0,3712.0
2007,BQN,16820.0,6462.0
2007,BRO,21287.0,7768.0
2007,BRW,3911.0,2546.0
2007,BTM,8812.0,3351.0
2007,BTR,111349.0,47906.0
2007,BTV,127905.0,32484.0
2007,BUF,366437.0,115232.0
2007,BUR,396419.0,90636.0
2007,BWI,1386367.0,550833.0
2007,BZN,76100.0,24243.0
2007,CAE,142667.0,47515.0
2007,CAK,123563.0,42920.0
2007,CDV,5283.0,2287.0
2007,CEC,12860.0,4024.0
2007,CHA,47889.0,20008.0
2007,CHO,13784.0,5064.0
2007,CHS,217789.0,95738.0
2007,CIC,15399.0,5159.0
2007,CID,133886.0,55978.0
2007,CLD,26910.0,10766.0
2007,CLE,1326885.0,508686.0
2007,CLL,17649.0,8869.0
2007,CLT,2452711.0,825634.0
2007,CMH,524116.0,187395.0
2007,CMI,36072.0,10710.0
2007,CMX,4405.0,2051.0
2007,COD,15259.0,5127.0
2007,COS,267849.0,110065.0
2007,CPR,45699.0,15963.0
2007,CRP,70203.0,27152.0
2007,CRW,40756.0,12484.0
2007,CSG,14168.0,4677.0
2007,CVG,1798897.0,510483.0
2007,CWA,20978.0,6679.0
2007,DAB,46768.0,13841.0
2007,DAL,535300.0,186399.0
2007,DAY,217041.0,86335.0
2007,DBQ,15709.0,5052.0
2007,DCA,1571406.0,476366.0
2007,DEN,3919318.0,1954437.0
2007,DFW,4943651.0,2993573.0
2007,DHN,13376.0,5839.0
2007,DLG,921.0,499.0
2007,DLH,30231.0,14368.0
2007,DRO,43803.0,17216.0
2007,DSM,227216.0,79097.0
2007,DTW,3600908.0,1886362.0
2007,EAU,785.0,419.0
2007,EGE,58792.0,13669.0
2007,EKO,17491.0,8364.0
2007,ELM,16055.0,5705.0
2007,ELP,230119.0,83846.0
2007,ERI,15488.0,5704.0
2007,EUG,71653.0,24763.0
2007,EVV,66578.0,28232.0
2007,EWN,5119.0,2019.0
2007,EWR,4382741.0,1395747.0
2007,EYW,8161.0,3454.0
2007,FAI,53523.0,14722.0
2007,FAR,78010.0,25933.0
2007,FAT,164504.0,72680.0
2007,FAY,20795.0,10010.0
2007,FCA,45877.0,13860.0
2007,FLG,22978.0,9577.0
2007,FLL,1143668.0,336806.0
2007,FLO,5709.0,3170.0
2007,FNT,97584.0,35225.0
2007,FSD,90984.0,33161.0
2007,FSM,24582.0,10699.0
2007,FWA,87724.0,26998.0
2007,GEG,184049.0,71013.0
2007,GFK,13684.0,5480.0
2007,GGG,10130.0,5552.0
2007,GJT,53066.0,18536.0
2007,GLH,27.0,6.0
2007,GNV,16849.0,6435.0
2007,GPT,80801.0,35027.0
2007,GRB,101759.0,33412.0
2007,GRK,48316.0,19657.0
2007,GRR,250197.0,71980.0
2007,GSO,226872.0,68137.0
2007,GSP,182497.0,56397.0
2007,GST,821.0,425.0
2007,GTF,32169.0,12891.0
2007,GTR,7495.0,3921.0
2007,GUC,14444.0,3729.0
2007,HDN,39858.0,9654.0
2007,HHH,10921.0,3120.0
2007,HLN,22648.0,6213.0
2007,HNL,812542.0,327539.0
2007,HOU,522033.0,257089.0
2007,HPN,224028.0,101699.0
2007,HRL,39857.0,12525.0
2007,HSV,123625.0,51507.0
2007,HTS,2979.0,1008.0
2007,IAD,1733772.0,633060.0
2007,IAH,4052407.0,1790802.0
2007,ICT,185988.0,67908.0
2007,IDA,43423.0,14263.0
2007,ILG,5127.0,1883.0
2007,ILM,41132.0,18492.0
2007,IND,658182.0,406527.0
2007,INL,2420.0,1230.0
2007,IPL,12215.0,4840.0
2007,ISO,80.0,33.0
2007,ISP,111292.0,48270.0
2007,ITO,70622.0,38920.0
2007,IYK,11415.0,3770.0
2007,JAC,52788.0,12512.0
2007,JAN,141365.0,59385.0
2007,JAX,474366.0,204407.0
2007,JFK,4536656.0,1317980.0
2007,JNU,58492.0,16627.0
2007,KOA,130163.0,58592.0
2007,KTN,26677.0,10572.0
2007,LAN,60576.0,19445.0
2007,LAS,3138553.0,1208809.0
2007,LAW,19724.0,8818.0
2007,LAX,3761260.0,2144459.0
2007,LBB,78024.0,28999.0
2007,LCH,19926.0,5906.0
2007,LEX,136998.0,48186.0
2007,LFT,70712.0,28974.0
2007,LGA,3378804.0,950792.0
2007,LGB,222913.0,73678.0
2007,LIH,90157.0,74604.0
2007,LIT,183090.0,78714.0
2007,LNK,49841.0,16627.0
2007,LRD,25886.0,8756.0
2007,LSE,30241.0,8669.0
2007,LWB,1593.0,703.0
2007,LWS,8120.0,3716.0
2007,LYH,8010.0,3378.0
2007,MAF,67605.0,23950.0
2007,MBS,48492.0,15909.0
2007,MCI,806127.0,338099.0
2007,MCN,9831.0,3448.0
2007,MCO,1819707.0,853448.0
2007,MDT,121723.0,41831.0
2007,MDW,1134817.0,496999.0
2007,MEI,6857.0,2952.0
2007,MEM,1526381.0,589565.0
2007,MFE,52548.0,20085.0
2007,MFR,66175.0,24319.0
2007,MGM,48115.0,14305.0
2007,MHT,290925.0,94192.0
2007,MIA,1105976.0,482715.0
2007,MKC,16.0,4.0
2007,MKE,432284.0,150362.0
2007,MLB,22683.0,9204.0
2007,MLI,119455.0,37004.0
2007,MLU,29868.0,13895.0
2007,MOB,67553.0,24671.0
2007,MOD,32062.0,10146.0
2007,MOT,13439.0,6150.0
2007,MQT,11524.0,4974.0
2007,MRY,86462.0,31633.0
2007,MSN,198512.0,58772.0
2007,MSO,44837.0,19008.0
2007,MSP,3084843.0,1326075.0
2007,MSY,413240.0,154818.0
2007,MTH,1660.0,510.0
2007,MTJ,32411.0,11184.0
2007,MYR,82129.0,28267.0
2007,OAJ,11138.0,3844.0
2007,OAK,823076.0,446100.0
2007,OGG,194574.0,123791.0
2007,OKC,317166.0,129841.0
2007,OMA,362353.0,117452.0
2007,OME,5972.0,3894.0
2007,ONT,459095.0,187196.0
2007,ORD,7042552.0,3102575.0
2007,ORF,260076.0,83712.0
2007,OTZ,6035.0,4377.0
2007,OXR,14499.0,5176.0
2007,PBI,410389.0,139648.0
2007,PDX,675331.0,231210.0
2007,PFN,33958.0,11682.0
2007,PHF,59628.0,28074.0
2007,PHL,2590784.0,747333.0
2007,PHX,3132368.0,1453486.0
2007,PIA,75143.0,20217.0
2007,PIH,19035.0,6463.0
2007,PIR,39.0,22.0
2007,PIT,771425.0,294506.0
2007,PLN,6740.0,2548.0
2007,PMD,4783.0,1839.0
2007,PNS,108474.0,46589.0
2007,PSC,31331.0,12296.0
2007,PSE,13133.0,4772.0
2007,PSG,5879.0,2256.0
2007,PSP,153572.0,60888.0
2007,PVD,326588.0,114594.0
2007,PWM,133744.0,33900.0
2007,RAP,59042.0,21996.0
2007,RDD,21348.0,7673.0
2007,RDM,42996.0,13353.0
2007,RDU,940969.0,330066.0
2007,RFD,11523.0,2612.0
2007,RHI,2266.0,847.0
2007,RIC,297536.0,103271.0
2007,RNO,299608.0,122434.0
2007,ROA,46854.0,18598.0
2007,ROC,267605.0,105291.0
2007,ROW,2269.0,1016.0
2007,RST,49506.0,16698.0
2007,RSW,362010.0,153298.0
2007,SAN,1339490.0,368217.0
2007,SAT,516402.0,177054.0
2007,SAV,194924.0,79977.0
2007,SBA,147475.0,60159.0
2007,SBN,67829.0,20665.0
2007,SBP,79067.0,25141.0
2007,SCC,4765.0,2163.0
2007,SCE,9514.0,3862.0
2007,SDF,284900.0,124916.0
2007,SEA,1788128.0,686621.0
2007,SFO,2385529.0,804290.0
2007,SGF,140654.0,46505.0
2007,SGU,36553.0,14743.0
2007,SHV,82636.0,44262.0
2007,SIT,15298.0,5342.0
2007,SJC,719240.0,247598.0
2007,SJT,13571.0,6082.0
2007,SJU,380607.0,150547.0
2007,SLC,2800815.0,944233.0
2007,SLE,5247.0,1872.0
2007,SMF,634375.0,271018.0
2007,SMX,21370.0,7270.0
2007,SNA,714954.0,343366.0
2007,SOP,1962.0,759.0
2007,SPI,23493.0,7098.0
2007,SPS,22731.0,14685.0
2007,SRQ,84323.0,31785.0
2007,STL,778937.0,302425.0
2007,STT,38991.0,14374.0
2007,STX,5312.0,1729.0
2007,SUN,29426.0,9283.0
2007,SUX,5932.0,1507.0
2007,SWF,82685.0,31169.0
2007,SYR,232993.0,63540.0
2007,TEX,2969.0,993.0
2007,TLH,44411.0,17305.0
2007,TOL,28506.0,6686.0
2007,TPA,993372.0,368275.0
2007,TRI,11120.0,4555.0
2007,TTN,10760.0,4070.0
2007,TUL,292556.0,107568.0
2007,TUP,4917.0,2016.0
2007,TUS,314825.0,136097.0
2007,TVC,59554.0,17710.0
2007,TWF,20293.0,7806.0
2007,TXK,9510.0,4194.0
2007,TYR,14728.0,7210.0
2007,TYS,182821.0,66651.0
2007,VLD,9135.0,4229.0
2007,VPS,81024.0,51796.0
2007,WRG,5695.0,2484.0
2007,WYS,2640.0,1015.0
2007,XNA,187060.0,64777.0
2007,YAK,5143.0,2618.0
2007,YKM,4563.0,1725.0
2007,YUM,41709.0,16452.0
2008,ABE,64252.0,21159.0
2008,ABI,24274.0,9424.0
2008,ABQ,430917.0,217705.0
2008,ABY,9372.0,3838.0
2008,ACK,8154.0,2485.0
2008,ACT,17155.0,9475.0
2008,ACV,37181.0,15979.0
2008,ACY,1370.0,376.0
2008,ADK,632.0,420.0
2008,ADQ,4294.0,2230.0
2008,AEX,25873.0,8103.0
2008,AGS,26805.0,7777.0
2008,AKN,732.0,469.0
2008,ALB,187495.0,54356.0
2008,ALO,4279.0,1189.0
2008,AMA,64210.0,34100.0
2008,ANC,266693.0,94637.0
2008,ASE,62857.0,16791.0
2008,ATL,8520943.0,4394689.0
2008,ATW,74087.0,25614.0
2008,AUS,606846.0,258113.0
2008,AVL,65606.0,16150.0
2008,AVP,35001.0,8486.0
2008,AZO,52299.0,16362.0
2008,BDL,424981.0,158539.0
2008,BET,6598.0,3368.0
2008,BFL,49401.0,20107.0
2008,BGM,10843.0,3579.0
2008,BGR,51408.0,14984.0
2008,BHM,296165.0,87646.0
2008,BIL,50580.0,17104.0
2008,BIS,24742.0,9275.0
2008,BJI,814.0,446.0
2008,BLI,1459.0,498.0
2008,BMI,64192.0,19103.0
2008,BNA,688855.0,339815.0
2008,BOI,189914.0,68295.0
2008,BOS,2300770.0,821724.0
2008,BPT,2663.0,1528.0
2008,BQK,8905.0,3097.0
2008,BQN,17399.0,7194.0
2008,BRO,16745.0,7196.0
2008,BRW,3663.0,2846.0
2008,BTM,8138.0,2939.0
2008,BTR,101402.0,39876.0
2008,BTV,121414.0,31255.0
2008,BUF,355911.0,113205.0
2008,BUR,364295.0,86652.0
2008,BWI,1267893.0,539578.0
2008,BZN,70644.0,21781.0
2008,CAE,143448.0,43676.0
2008,CAK,122373.0,40891.0
2008,CDC,7457.0,2227.0
2008,CDV,5629.0,2407.0
2008,CEC,12999.0,3759.0
2008,CHA,51601.0,19315.0
2008,CHO,9708.0,2479.0
2008,CHS,213123.0,99161.0
2008,CIC,14914.0,5087.0
2008,CID,120221.0,49175.0
2008,CLD,22601.0,8748.0
2008,CLE,1020240.0,407135.0
2008,CLL,12038.0,6509.0
2008,CLT,2579925.0,835518.0
2008,CMH,441604.0,164763.0
2008,CMI,37369.0,10231.0
2008,CMX,4580.0,1914.0
2008,COD,14884.0,4622.0
2008,COS,244911.0,105381.0
2008,CPR,31749.0,10184.0
2008,CRP,52004.0,19700.0
2008,CRW,40449.0,11954.0
2008,CSG,15001.0,4404.0
2008,CVG,1552217.0,440694.0
2008,CWA,29441.0,9249.0
2008,DAB,38618.0,10956.0
2008,DAL,522132.0,199756.0
2008,DAY,220003.0,85568.0
2008,DBQ,15457.0,4723.0
2008,DCA,1493353.0,438693.0
2008,DEN,3851971.0,1979616.0
2008,DFW,4414149.0,2833610.0
2008,DHN,13138.0,4784.0
2008,DLG,742.0,381.0
2008,DLH,27082.0,11984.0
2008,DRO,44703.0,17809.0
2008,DSM,214862.0,73662.0
2008,DTW,3282629.0,1746149.0
2008,EGE,57745.0,13243.0
2008,EKO,19478.0,7781.0
2008,ELM,17963.0,6248.0
2008,ELP,212081.0,77466.0
2008,ERI,17832.0,7204.0
2008,EUG,63275.0,21006.0
2008,EVV,67195.0,27781.0
2008,EWN,7385.0,2336.0
2008,EWR,3915748.0,1354990.0
2008,EYW,9124.0,3074.0
2008,FAI,56097.0,16570.0
2008,FAR,63271.0,21160.0
2008,FAT,151010.0,66940.0
2008,FAY,21732.0,9330.0
2008,FCA,38656.0,11292.0
2008,FLG,28574.0,11547.0
2008,FLL,1169308.0,327864.0
2008,FLO,6239.0,2696.0
2008,FNT,110441.0,39279.0
2008,FSD,80573.0,28375.0
2008,FSM,27638.0,11277.0
2008,FWA,81697.0,24211.0
2008,GCC,15192.0,4553.0
2008,GEG,187831.0,70638.0
2008,GFK,16096.0,5645.0
2008,GGG,8286.0,4594.0
2008,GJT,61240.0,20174.0
2008,GNV,18969.0,6562.0
2008,GPT,94297.0,39949.0
2008,GRB,97624.0,33158.0
2008,GRK,33907.0,12851.0
2008,GRR,246024.0,69061.0
2008,GSO,206253.0,63824.0
2008,GSP,159780.0,47159.0
2008,GST,894.0,403.0
2008,GTF,22390.0,9258.0
2008,GTR,9386.0,3339.0
2008,GUC,13125.0,3051.0
2008,HDN,39798.0,9656.0
2008,HHH,8735.0,2867.0
2008,HLN,23701.0,6721.0
2008,HNL,700116.0,304580.0
2008,HOU,514955.0,262311.0
2008,HPN,183227.0,68362.0
2008,HRL,31558.0,10525.0
2008,HSV,146679.0,56230.0
2008,HTS,1670.0,717.0
2008,IAD,1469540.0,515294.0
2008,IAH,3398340.0,1552592.0
2008,ICT,177743.0,66839.0
2008,IDA,40893.0,13029.0
2008,ILM,40344.0,14347.0
2008,IND,644719.0,376567.0
2008,INL,779.0,524.0
2008,IPL,9812.0,3694.0
2008,ISP,90418.0,42406.0
2008,ITH,2695.0,943.0
2008,ITO,67352.0,38469.0
2008,IYK,10840.0,3731.0
2008,JAC,62208.0,13777.0
2008,JAN,131512.0,53534.0
2008,JAX,428569.0,173618.0
2008,JFK,4025524.0,1220696.0
2008,JNU,58535.0,17276.0
2008,KOA,120297.0,54208.0
2008,KTN,27836.0,10532.0
2008,LAN,54306.0,15480.0
2008,LAS,2829641.0,1124665.0
2008,LAW,20606.0,8545.0
2008,LAX,3220373.0,1905951.0
2008,LBB,70350.0,27992.0
2008,LCH,14026.0,4112.0
2008,LEX,139965.0,49307.0
2008,LFT,61322.0,23901.0
2008,LGA,3265909.0,934071.0
2008,LGB,225949.0,87620.0
2008,LIH,102264.0,67693.0
2008,LIT,166083.0,69133.0
2008,LMT,6064.0,1836.0
2008,LNK,33502.0,12744.0
2008,LRD,20615.0,7113.0
2008,LSE,23532.0,6637.0
2008,LWB,1933.0,600.0
2008,LWS,6508.0,3316.0
2008,LYH,6056.0,1885.0
2008,MAF,59929.0,23564.0
2008,MBS,38633.0,11827.0
2008,MCI,708002.0,301846.0
2008,MCN,7371.0,2347.0
2008,MCO,1795429.0,870988.0
2008,MDT,103750.0,34084.0
2008,MDW,993069.0,460897.0
2008,MEI,7799.0,2686.0
2008,MEM,1435332.0,595614.0
2008,MFE,44109.0,17077.0
2008,MFR,57838.0,20764.0
2008,MGM,47192.0,13179.0
2008,MHT,246805.0,83111.0
2008,MIA,1057784.0,507970.0
2008,MKE,627000.0,226354.0
2008,MKG,3035.0,1732.0
2008,MLB,24194.0,8513.0
2008,MLI,108119.0,32696.0
2008,MLU,23234.0,9745.0
2008,MOB,69735.0,24522.0
2008,MOD,23305.0,6754.0
2008,MOT,12943.0,6351.0
2008,MQT,11366.0,4650.0
2008,MRY,74248.0,25475.0
2008,MSN,199090.0,59099.0
2008,MSO,39722.0,15723.0
2008,MSP,2442730.0,1050873.0
2008,MSY,422434.0,166120.0
2008,MTJ,31130.0,9998.0
2008,MYR,68679.0,20971.0
2008,OAJ,11835.0,3134.0
2008,OAK,622097.0,345012.0
2008,OGG,165074.0,104939.0
2008,OKC,284380.0,115697.0
2008,OMA,337877.0,112311.0
2008,OME,5844.0,3542.0
2008,ONT,374273.0,156543.0
2008,ORD,6459330.0,2981712.0
2008,ORF,202165.0,67771.0
2008,OTH,6385.0,1708.0
2008,OTZ,5906.0,4263.0
2008,OXR,14066.0,4555.0
2008,PBI,369886.0,131188.0
2008,PDX,669971.0,231668.0
2008,PFN,37352.0,12958.0
2008,PHF,70685.0,29724.0
2008,PHL,2299995.0,693227.0
2008,PHX,3014148.0,1399527.0
2008,PIA,76998.0,22462.0
2008,PIH,17849.0,5692.0
2008,PIR,63.0,24.0
2008,PIT,642507.0,257878.0
2008,PLN,3316.0,1363.0
2008,PMD,9032.0,3222.0
2008,PNS,103393.0,38836.0
2008,PSC,28702.0,11211.0
2008,PSE,9296.0,3181.0
2008,PSG,5858.0,2512.0
2008,PSP,147731.0,59857.0
2008,PVD,292723.0,103325.0
2008,PWM,107398.0,26132.0
2008,RAP,48092.0,17673.0
2008,RDD,17570.0,6568.0
2008,RDM,38702.0,12003.0
2008,RDU,864899.0,301439.0
2008,RFD,5320.0,1106.0
2008,RHI,2149.0,836.0
2008,RIC,300876.0,104006.0
2008,RKS,12245.0,2762.0
2008,RNO,264660.0,113258.0
2008,ROA,53712.0,17677.0
2008,ROC,222075.0,85240.0
2008,ROW,8291.0,3981.0
2008,RST,39338.0,12277.0
2008,RSW,343063.0,128716.0
2008,SAN,1273400.0,350513.0
2008,SAT,508738.0,180834.0
2008,SAV,202190.0,77695.0
2008,SBA,130973.0,54664.0
2008,SBN,69397.0,20898.0
2008,SBP,61296.0,21597.0
2008,SCC,4357.0,2781.0
2008,SCE,9700.0,3911.0
2008,SDF,295158.0,128941.0
2008,SEA,1789030.0,684439.0
2008,SFO,2396137.0,857056.0
2008,SGF,131155.0,39074.0
2008,SGU,32262.0,13050.0
2008,SHV,77234.0,39684.0
2008,SIT,15501.0,5781.0
2008,SJC,637217.0,228597.0
2008,SJT,10040.0,4224.0
2008,SJU,318666.0,133309.0
2008,SLC,2547611.0,880053.0
2008,SLE,5999.0,2203.0
2008,SMF,554195.0,236556.0
2008,SMX,17051.0,6676.0
2008,SNA,632431.0,303866.0
2008,SPI,16080.0,4507.0
2008,SPS,17438.0,11939.0
2008,SRQ,75204.0,27927.0
2008,STL,750281.0,304389.0
2008,STT,37360.0,14039.0
2008,STX,5329.0,1547.0
2008,SUN,27668.0,8385.0
2008,SUX,1191.0,368.0
2008,SWF,60383.0,22893.0
2008,SYR,202023.0,55050.0
2008,TEX,3182.0,916.0
2008,TLH,64005.0,21836.0
2008,TOL,18434.0,4196.0
2008,TPA,975595.0,364926.0
2008,TRI,24311.0,8089.0
2008,TUL,275464.0,104180.0
2008,TUP,123.0,22.0
2008,TUS,292305.0,124610.0
2008,TVC,61907.0,16887.0
2008,TWF,17808.0,6139.0
2008,TXK,10266.0,4478.0
2008,TYR,14106.0,7204.0
2008,TYS,186379.0,62985.0
2008,VLD,7861.0,3530.0
2008,VPS,84130.0,49383.0
2008,WRG,5482.0,2621.0
2008,WYS,2273.0,1050.0
2008,XNA,193621.0,68656.0
2008,YAK,5405.0,2877.0
2008,YKM,3731.0,1427.0
2008,YUM,51544.0,19593.0
